-- phpMyAdmin SQL Dump
-- version 5.2.1
-- https://www.phpmyadmin.net/
--
-- Host: 127.0.0.1
-- Generation Time: Sep 18, 2024 at 04:55 AM
-- Server version: 10.4.32-MariaDB
-- PHP Version: 8.2.12

SET SQL_MODE = "NO_AUTO_VALUE_ON_ZERO";
START TRANSACTION;
SET time_zone = "+00:00";


/*!40101 SET @OLD_CHARACTER_SET_CLIENT=@@CHARACTER_SET_CLIENT */;
/*!40101 SET @OLD_CHARACTER_SET_RESULTS=@@CHARACTER_SET_RESULTS */;
/*!40101 SET @OLD_COLLATION_CONNECTION=@@COLLATION_CONNECTION */;
/*!40101 SET NAMES utf8mb4 */;

--
-- Database: `cuahangdienthoai`
--

-- --------------------------------------------------------

--
-- Table structure for table `baohanh`
--

CREATE TABLE `baohanh` (
  `id` int(11) NOT NULL,
  `soThang` int(11) DEFAULT NULL,
  `trangthai` int(11) NOT NULL DEFAULT 1
) ENGINE=InnoDB DEFAULT CHARSET=utf8mb4 COLLATE=utf8mb4_general_ci;

--
-- Dumping data for table `baohanh`
--

INSERT INTO `baohanh` (`id`, `soThang`, `trangthai`) VALUES
(1, 12, 1),
(2, 24, 1);

-- --------------------------------------------------------

--
-- Table structure for table `chucnang`
--

CREATE TABLE `chucnang` (
  `id` int(11) NOT NULL,
  `ten` varchar(255) DEFAULT NULL
) ENGINE=InnoDB DEFAULT CHARSET=utf8mb4 COLLATE=utf8mb4_general_ci;

--
-- Dumping data for table `chucnang`
--

INSERT INTO `chucnang` (`id`, `ten`) VALUES
(1, 'Sản phẩm'),
(2, 'Phiếu nhập'),
(3, 'Hóa đơn'),
(4, 'Khách hàng'),
(5, 'Nhân viên'),
(6, 'Nhà cung cấp'),
(7, 'Phân quyền'),
(8, 'Thống kê'),
(9, 'Tài khoản');

-- --------------------------------------------------------

--
-- Table structure for table `ctbaohanh`
--

CREATE TABLE `ctbaohanh` (
  `id` int(11) NOT NULL,
  `baoHanh_id` int(11) DEFAULT NULL,
  `hoaDon_id` int(11) DEFAULT NULL,
  `imei_sanPham` varchar(255) DEFAULT NULL,
  `ngayKetThuc` datetime DEFAULT NULL
) ENGINE=InnoDB DEFAULT CHARSET=utf8mb4 COLLATE=utf8mb4_general_ci;

--
-- Dumping data for table `ctbaohanh`
--

INSERT INTO `ctbaohanh` (`id`, `baoHanh_id`, `hoaDon_id`, `imei_sanPham`, `ngayKetThuc`) VALUES
(1, 1, 1, '630802761763339', '2025-09-18 09:54:05'),
(2, 2, 1, '872313216352470', '2026-09-18 09:54:24'),
(3, 1, 2, '636424990836538', '2025-09-18 09:54:44'),
(4, 1, 2, '789243213472470', '2025-09-18 09:54:48'),
(5, 1, 3, '872313216352476', '2025-09-18 09:54:59'),
(6, 1, 4, '520774709293623', '2025-09-18 09:55:10');

-- --------------------------------------------------------

--
-- Table structure for table `cthoadon`
--

CREATE TABLE `cthoadon` (
  `hoaDon_id` int(11) NOT NULL,
  `imei` varchar(255) NOT NULL,
  `soLuong` int(11) DEFAULT NULL,
  `giaBanRa` int(11) DEFAULT NULL,
  `tongTien` int(11) DEFAULT NULL
) ENGINE=InnoDB DEFAULT CHARSET=utf8mb4 COLLATE=utf8mb4_general_ci;

--
-- Dumping data for table `cthoadon`
--

INSERT INTO `cthoadon` (`hoaDon_id`, `imei`, `soLuong`, `giaBanRa`, `tongTien`) VALUES
(1, '630802761763339', 1, 7579000, 7579000),
(1, '872313216352470', 1, 18258900, 18258900),
(2, '636424990836538', 1, 9009000, 9009000),
(2, '789243213472470', 1, 17598900, 17598900),
(3, '872313216352476', 1, 18258900, 18258900),
(4, '520774709293623', 1, 7689000, 7689000);

-- --------------------------------------------------------

--
-- Table structure for table `ctphieunhap`
--

CREATE TABLE `ctphieunhap` (
  `phieuNhap_id` int(11) NOT NULL,
  `pbsanPham_id` int(11) NOT NULL,
  `soLuong` int(11) DEFAULT NULL,
  `donGia` int(11) DEFAULT NULL,
  `tongTien` bigint(11) DEFAULT NULL
) ENGINE=InnoDB DEFAULT CHARSET=utf8mb4 COLLATE=utf8mb4_general_ci;

--
-- Dumping data for table `ctphieunhap`
--

INSERT INTO `ctphieunhap` (`phieuNhap_id`, `pbsanPham_id`, `soLuong`, `donGia`, `tongTien`) VALUES
(1, 1, 23, 27799000, 639377000),
(2, 2, 43, 27990000, 1203570000),
(2, 3, 30, 28999000, 869970000),
(3, 10, 32, 30999000, 991968000),
(3, 19, 23, 15999000, 367977000),
(4, 5, 75, 16599000, 1244925000),
(4, 8, 42, 23890000, 1003380000),
(4, 29, 28, 15999000, 447972000),
(4, 31, 43, 18990000, 816570000),
(5, 2, 24, 16790000, 402960000),
(5, 11, 29, 28990000, 840710000),
(5, 14, 76, 14999000, 1139924000),
(5, 15, 42, 3899000, 163758000),
(6, 4, 52, 16789000, 873028000),
(6, 9, 62, 37990000, 2355380000),
(6, 17, 47, 6890000, 323830000),
(6, 23, 62, 10990000, 681380000),
(6, 24, 52, 10990000, 571480000),
(7, 20, 37, 11990000, 443630000),
(7, 21, 16, 12990000, 207840000),
(7, 22, 40, 15999000, 639960000),
(8, 6, 38, 34999000, 1329962000),
(8, 25, 56, 68900000, 3858400000),
(8, 26, 28, 8190000, 229320000),
(8, 27, 31, 6990000, 216690000),
(9, 7, 45, 19150000, 861750000),
(9, 30, 45, 22790000, 1025550000),
(9, 33, 42, 24990000, 1049580000),
(9, 35, 28, 24990000, 699720000),
(10, 12, 55, 23289000, 1280895000),
(10, 16, 32, 6890000, 220480000),
(10, 34, 41, 24990000, 1024590000),
(11, 13, 38, 14990000, 569620000),
(11, 28, 48, 20990000, 1007520000),
(11, 32, 51, 24999000, 1274949000),
(12, 18, 31, 6890000, 213590000);

-- --------------------------------------------------------

--
-- Table structure for table `ctquyen`
--

CREATE TABLE `ctquyen` (
  `quyen_id` int(11) NOT NULL,
  `chucNang_id` int(11) NOT NULL,
  `hanhDong` varchar(255) NOT NULL
) ENGINE=InnoDB DEFAULT CHARSET=utf8mb4 COLLATE=utf8mb4_general_ci;

--
-- Dumping data for table `ctquyen`
--

INSERT INTO `ctquyen` (`quyen_id`, `chucNang_id`, `hanhDong`) VALUES
(1, 1, 'add'),
(1, 1, 'delete'),
(1, 1, 'edit'),
(1, 1, 'view'),
(1, 2, 'add'),
(1, 2, 'view'),
(1, 3, 'add'),
(1, 3, 'delete'),
(1, 3, 'view'),
(1, 4, 'add'),
(1, 4, 'delete'),
(1, 4, 'edit'),
(1, 4, 'view'),
(1, 5, 'add'),
(1, 5, 'delete'),
(1, 5, 'edit'),
(1, 5, 'view'),
(1, 6, 'add'),
(1, 6, 'delete'),
(1, 6, 'edit'),
(1, 6, 'view'),
(1, 7, 'add'),
(1, 7, 'delete'),
(1, 7, 'edit'),
(1, 7, 'view'),
(1, 8, 'add'),
(1, 8, 'delete'),
(1, 8, 'edit'),
(1, 8, 'view'),
(1, 9, 'add'),
(1, 9, 'delete'),
(1, 9, 'edit'),
(1, 9, 'view');

-- --------------------------------------------------------

--
-- Table structure for table `ctsanpham`
--

CREATE TABLE `ctsanpham` (
  `imei` varchar(255) NOT NULL,
  `sanPham_id` int(11) DEFAULT NULL,
  `pbSanPham_id` int(11) DEFAULT NULL,
  `phieuNhap_id` int(11) DEFAULT NULL,
  `giaNhap` int(11) NOT NULL,
  `trangThai` int(11) DEFAULT 1
) ENGINE=InnoDB DEFAULT CHARSET=utf8mb4 COLLATE=utf8mb4_general_ci;

--
-- Dumping data for table `ctsanpham`
--

INSERT INTO `ctsanpham` (`imei`, `sanPham_id`, `pbSanPham_id`, `phieuNhap_id`, `giaNhap`, `trangThai`) VALUES
('114214014261961', 6, 18, 12, 6890000, 1),
('114214014261962', 6, 18, 12, 6890000, 1),
('114214014261963', 6, 18, 12, 6890000, 1),
('114214014261964', 6, 18, 12, 6890000, 1),
('114214014261965', 6, 18, 12, 6890000, 1),
('114214014261966', 6, 18, 12, 6890000, 1),
('114214014261967', 6, 18, 12, 6890000, 1),
('114214014261968', 6, 18, 12, 6890000, 1),
('114214014261969', 6, 18, 12, 6890000, 1),
('114214014261970', 6, 18, 12, 6890000, 1),
('114214014261971', 6, 18, 12, 6890000, 1),
('114214014261972', 6, 18, 12, 6890000, 1),
('114214014261973', 6, 18, 12, 6890000, 1),
('114214014261974', 6, 18, 12, 6890000, 1),
('114214014261975', 6, 18, 12, 6890000, 1),
('114214014261976', 6, 18, 12, 6890000, 1),
('114214014261977', 6, 18, 12, 6890000, 1),
('114214014261978', 6, 18, 12, 6890000, 1),
('114214014261979', 6, 18, 12, 6890000, 1),
('114214014261980', 6, 18, 12, 6890000, 1),
('114214014261981', 6, 18, 12, 6890000, 1),
('114214014261982', 6, 18, 12, 6890000, 1),
('114214014261983', 6, 18, 12, 6890000, 1),
('114214014261984', 6, 18, 12, 6890000, 1),
('114214014261985', 6, 18, 12, 6890000, 1),
('114214014261986', 6, 18, 12, 6890000, 1),
('114214014261987', 6, 18, 12, 6890000, 1),
('114214014261988', 6, 18, 12, 6890000, 1),
('114214014261989', 6, 18, 12, 6890000, 1),
('114214014261990', 6, 18, 12, 6890000, 1),
('114214014261991', 6, 18, 12, 6890000, 1),
('123642213472465', 7, 19, 3, 15999000, 1),
('123642213472466', 7, 19, 3, 15999000, 1),
('123642213472467', 7, 19, 3, 15999000, 1),
('123642213472468', 7, 19, 3, 15999000, 1),
('123642213472469', 7, 19, 3, 15999000, 1),
('123642213472470', 7, 19, 3, 15999000, 1),
('123642213472471', 7, 19, 3, 15999000, 1),
('123642213472472', 7, 19, 3, 15999000, 1),
('123642213472473', 7, 19, 3, 15999000, 1),
('123642213472474', 7, 19, 3, 15999000, 1),
('123642213472475', 7, 19, 3, 15999000, 1),
('123642213472476', 7, 19, 3, 15999000, 1),
('123642213472477', 7, 19, 3, 15999000, 1),
('123642213472478', 7, 19, 3, 15999000, 1),
('123642213472479', 7, 19, 3, 15999000, 1),
('123642213472480', 7, 19, 3, 15999000, 1),
('123642213472481', 7, 19, 3, 15999000, 1),
('123642213472482', 7, 19, 3, 15999000, 1),
('123642213472483', 7, 19, 3, 15999000, 1),
('123642213472484', 7, 19, 3, 15999000, 1),
('123642213472485', 7, 19, 3, 15999000, 1),
('123642213472486', 7, 19, 3, 15999000, 1),
('123642213472487', 7, 19, 3, 15999000, 1),
('169438930228352', 3, 8, 4, 23890000, 1),
('169438930228353', 3, 8, 4, 23890000, 1),
('169438930228354', 3, 8, 4, 23890000, 1),
('169438930228355', 3, 8, 4, 23890000, 1),
('169438930228356', 3, 8, 4, 23890000, 1),
('169438930228357', 3, 8, 4, 23890000, 1),
('169438930228358', 3, 8, 4, 23890000, 1),
('169438930228359', 3, 8, 4, 23890000, 1),
('169438930228360', 3, 8, 4, 23890000, 1),
('169438930228361', 3, 8, 4, 23890000, 1),
('169438930228362', 3, 8, 4, 23890000, 1),
('169438930228363', 3, 8, 4, 23890000, 1),
('169438930228364', 3, 8, 4, 23890000, 1),
('169438930228365', 3, 8, 4, 23890000, 1),
('169438930228366', 3, 8, 4, 23890000, 1),
('169438930228367', 3, 8, 4, 23890000, 1),
('169438930228368', 3, 8, 4, 23890000, 1),
('169438930228369', 3, 8, 4, 23890000, 1),
('169438930228370', 3, 8, 4, 23890000, 1),
('169438930228371', 3, 8, 4, 23890000, 1),
('169438930228372', 3, 8, 4, 23890000, 1),
('169438930228373', 3, 8, 4, 23890000, 1),
('169438930228374', 3, 8, 4, 23890000, 1),
('169438930228375', 3, 8, 4, 23890000, 1),
('169438930228376', 3, 8, 4, 23890000, 1),
('169438930228377', 3, 8, 4, 23890000, 1),
('169438930228378', 3, 8, 4, 23890000, 1),
('169438930228379', 3, 8, 4, 23890000, 1),
('169438930228380', 3, 8, 4, 23890000, 1),
('169438930228381', 3, 8, 4, 23890000, 1),
('169438930228382', 3, 8, 4, 23890000, 1),
('169438930228383', 3, 8, 4, 23890000, 1),
('169438930228384', 3, 8, 4, 23890000, 1),
('169438930228385', 3, 8, 4, 23890000, 1),
('169438930228386', 3, 8, 4, 23890000, 1),
('169438930228387', 3, 8, 4, 23890000, 1),
('169438930228388', 3, 8, 4, 23890000, 1),
('169438930228389', 3, 8, 4, 23890000, 1),
('169438930228390', 3, 8, 4, 23890000, 1),
('169438930228391', 3, 8, 4, 23890000, 1),
('169438930228392', 3, 8, 4, 23890000, 1),
('169438930228393', 3, 8, 4, 23890000, 1),
('169753225985914', 8, 24, 6, 10990000, 1),
('169753225985915', 8, 24, 6, 10990000, 1),
('169753225985916', 8, 24, 6, 10990000, 1),
('169753225985917', 8, 24, 6, 10990000, 1),
('169753225985918', 8, 24, 6, 10990000, 1),
('169753225985919', 8, 24, 6, 10990000, 1),
('169753225985920', 8, 24, 6, 10990000, 1),
('169753225985921', 8, 24, 6, 10990000, 1),
('169753225985922', 8, 24, 6, 10990000, 1),
('169753225985923', 8, 24, 6, 10990000, 1),
('169753225985924', 8, 24, 6, 10990000, 1),
('169753225985925', 8, 24, 6, 10990000, 1),
('169753225985926', 8, 24, 6, 10990000, 1),
('169753225985927', 8, 24, 6, 10990000, 1),
('169753225985928', 8, 24, 6, 10990000, 1),
('169753225985929', 8, 24, 6, 10990000, 1),
('169753225985930', 8, 24, 6, 10990000, 1),
('169753225985931', 8, 24, 6, 10990000, 1),
('169753225985932', 8, 24, 6, 10990000, 1),
('169753225985933', 8, 24, 6, 10990000, 1),
('169753225985934', 8, 24, 6, 10990000, 1),
('169753225985935', 8, 24, 6, 10990000, 1),
('169753225985936', 8, 24, 6, 10990000, 1),
('169753225985937', 8, 24, 6, 10990000, 1),
('169753225985938', 8, 24, 6, 10990000, 1),
('169753225985939', 8, 24, 6, 10990000, 1),
('169753225985940', 8, 24, 6, 10990000, 1),
('169753225985941', 8, 24, 6, 10990000, 1),
('169753225985942', 8, 24, 6, 10990000, 1),
('169753225985943', 8, 24, 6, 10990000, 1),
('169753225985944', 8, 24, 6, 10990000, 1),
('169753225985945', 8, 24, 6, 10990000, 1),
('169753225985946', 8, 24, 6, 10990000, 1),
('169753225985947', 8, 24, 6, 10990000, 1),
('169753225985948', 8, 24, 6, 10990000, 1),
('169753225985949', 8, 24, 6, 10990000, 1),
('169753225985950', 8, 24, 6, 10990000, 1),
('169753225985951', 8, 24, 6, 10990000, 1),
('169753225985952', 8, 24, 6, 10990000, 1),
('169753225985953', 8, 24, 6, 10990000, 1),
('169753225985954', 8, 24, 6, 10990000, 1),
('169753225985955', 8, 24, 6, 10990000, 1),
('169753225985956', 8, 24, 6, 10990000, 1),
('169753225985957', 8, 24, 6, 10990000, 1),
('169753225985958', 8, 24, 6, 10990000, 1),
('169753225985959', 8, 24, 6, 10990000, 1),
('169753225985960', 8, 24, 6, 10990000, 1),
('169753225985961', 8, 24, 6, 10990000, 1),
('169753225985962', 8, 24, 6, 10990000, 1),
('169753225985963', 8, 24, 6, 10990000, 1),
('169753225985964', 8, 24, 6, 10990000, 1),
('169753225985965', 8, 24, 6, 10990000, 1),
('265828112140298', 3, 7, 9, 19150000, 1),
('265828112140299', 3, 7, 9, 19150000, 1),
('265828112140300', 3, 7, 9, 19150000, 1),
('265828112140301', 3, 7, 9, 19150000, 1),
('265828112140302', 3, 7, 9, 19150000, 1),
('265828112140303', 3, 7, 9, 19150000, 1),
('265828112140304', 3, 7, 9, 19150000, 1),
('265828112140305', 3, 7, 9, 19150000, 1),
('265828112140306', 3, 7, 9, 19150000, 1),
('265828112140307', 3, 7, 9, 19150000, 1),
('265828112140308', 3, 7, 9, 19150000, 1),
('265828112140309', 3, 7, 9, 19150000, 1),
('265828112140310', 3, 7, 9, 19150000, 1),
('265828112140311', 3, 7, 9, 19150000, 1),
('265828112140312', 3, 7, 9, 19150000, 1),
('265828112140313', 3, 7, 9, 19150000, 1),
('265828112140314', 3, 7, 9, 19150000, 1),
('265828112140315', 3, 7, 9, 19150000, 1),
('265828112140316', 3, 7, 9, 19150000, 1),
('265828112140317', 3, 7, 9, 19150000, 1),
('265828112140318', 3, 7, 9, 19150000, 1),
('265828112140319', 3, 7, 9, 19150000, 1),
('265828112140320', 3, 7, 9, 19150000, 1),
('265828112140321', 3, 7, 9, 19150000, 1),
('265828112140322', 3, 7, 9, 19150000, 1),
('265828112140323', 3, 7, 9, 19150000, 1),
('265828112140324', 3, 7, 9, 19150000, 1),
('265828112140325', 3, 7, 9, 19150000, 1),
('265828112140326', 3, 7, 9, 19150000, 1),
('265828112140327', 3, 7, 9, 19150000, 1),
('265828112140328', 3, 7, 9, 19150000, 1),
('265828112140329', 3, 7, 9, 19150000, 1),
('265828112140330', 3, 7, 9, 19150000, 1),
('265828112140331', 3, 7, 9, 19150000, 1),
('265828112140332', 3, 7, 9, 19150000, 1),
('265828112140333', 3, 7, 9, 19150000, 1),
('265828112140334', 3, 7, 9, 19150000, 1),
('265828112140335', 3, 7, 9, 19150000, 1),
('265828112140336', 3, 7, 9, 19150000, 1),
('265828112140337', 3, 7, 9, 19150000, 1),
('265828112140338', 3, 7, 9, 19150000, 1),
('265828112140339', 3, 7, 9, 19150000, 1),
('265828112140340', 3, 7, 9, 19150000, 1),
('265828112140341', 3, 7, 9, 19150000, 1),
('265828112140342', 3, 7, 9, 19150000, 1),
('312483213472465', 4, 10, 3, 30999000, 1),
('312483213472466', 4, 10, 3, 30999000, 1),
('312483213472467', 4, 10, 3, 30999000, 1),
('312483213472468', 4, 10, 3, 30999000, 1),
('312483213472469', 4, 10, 3, 30999000, 1),
('312483213472470', 4, 10, 3, 30999000, 1),
('312483213472471', 4, 10, 3, 30999000, 1),
('312483213472472', 4, 10, 3, 30999000, 1),
('312483213472473', 4, 10, 3, 30999000, 1),
('312483213472474', 4, 10, 3, 30999000, 1),
('312483213472475', 4, 10, 3, 30999000, 1),
('312483213472476', 4, 10, 3, 30999000, 1),
('312483213472477', 4, 10, 3, 30999000, 1),
('312483213472478', 4, 10, 3, 30999000, 1),
('312483213472479', 4, 10, 3, 30999000, 1),
('312483213472480', 4, 10, 3, 30999000, 1),
('312483213472481', 4, 10, 3, 30999000, 1),
('312483213472482', 4, 10, 3, 30999000, 1),
('312483213472483', 4, 10, 3, 30999000, 1),
('312483213472484', 4, 10, 3, 30999000, 1),
('312483213472485', 4, 10, 3, 30999000, 1),
('312483213472486', 4, 10, 3, 30999000, 1),
('312483213472487', 4, 10, 3, 30999000, 1),
('312483213472488', 4, 10, 3, 30999000, 1),
('312483213472489', 4, 10, 3, 30999000, 1),
('312483213472490', 4, 10, 3, 30999000, 1),
('312483213472491', 4, 10, 3, 30999000, 1),
('312483213472492', 4, 10, 3, 30999000, 1),
('312483213472493', 4, 10, 3, 30999000, 1),
('312483213472494', 4, 10, 3, 30999000, 1),
('312483213472495', 4, 10, 3, 30999000, 1),
('312483213472496', 4, 10, 3, 30999000, 1),
('342018898110836', 10, 32, 11, 24999000, 1),
('342018898110837', 10, 32, 11, 24999000, 1),
('342018898110838', 10, 32, 11, 24999000, 1),
('342018898110839', 10, 32, 11, 24999000, 1),
('342018898110840', 10, 32, 11, 24999000, 1),
('342018898110841', 10, 32, 11, 24999000, 1),
('342018898110842', 10, 32, 11, 24999000, 1),
('342018898110843', 10, 32, 11, 24999000, 1),
('342018898110844', 10, 32, 11, 24999000, 1),
('342018898110845', 10, 32, 11, 24999000, 1),
('342018898110846', 10, 32, 11, 24999000, 1),
('342018898110847', 10, 32, 11, 24999000, 1),
('342018898110848', 10, 32, 11, 24999000, 1),
('342018898110849', 10, 32, 11, 24999000, 1),
('342018898110850', 10, 32, 11, 24999000, 1),
('342018898110851', 10, 32, 11, 24999000, 1),
('342018898110852', 10, 32, 11, 24999000, 1),
('342018898110853', 10, 32, 11, 24999000, 1),
('342018898110854', 10, 32, 11, 24999000, 1),
('342018898110855', 10, 32, 11, 24999000, 1),
('342018898110856', 10, 32, 11, 24999000, 1),
('342018898110857', 10, 32, 11, 24999000, 1),
('342018898110858', 10, 32, 11, 24999000, 1),
('342018898110859', 10, 32, 11, 24999000, 1),
('342018898110860', 10, 32, 11, 24999000, 1),
('342018898110861', 10, 32, 11, 24999000, 1),
('342018898110862', 10, 32, 11, 24999000, 1),
('342018898110863', 10, 32, 11, 24999000, 1),
('342018898110864', 10, 32, 11, 24999000, 1),
('342018898110865', 10, 32, 11, 24999000, 1),
('342018898110866', 10, 32, 11, 24999000, 1),
('342018898110867', 10, 32, 11, 24999000, 1),
('342018898110868', 10, 32, 11, 24999000, 1),
('342018898110869', 10, 32, 11, 24999000, 1),
('342018898110870', 10, 32, 11, 24999000, 1),
('342018898110871', 10, 32, 11, 24999000, 1),
('342018898110872', 10, 32, 11, 24999000, 1),
('342018898110873', 10, 32, 11, 24999000, 1),
('342018898110874', 10, 32, 11, 24999000, 1),
('342018898110875', 10, 32, 11, 24999000, 1),
('342018898110876', 10, 32, 11, 24999000, 1),
('342018898110877', 10, 32, 11, 24999000, 1),
('342018898110878', 10, 32, 11, 24999000, 1),
('342018898110879', 10, 32, 11, 24999000, 1),
('342018898110880', 10, 32, 11, 24999000, 1),
('342018898110881', 10, 32, 11, 24999000, 1),
('342018898110882', 10, 32, 11, 24999000, 1),
('342018898110883', 10, 32, 11, 24999000, 1),
('342018898110884', 10, 32, 11, 24999000, 1),
('342018898110885', 10, 32, 11, 24999000, 1),
('342018898110886', 10, 32, 11, 24999000, 1),
('378309300402179', 10, 28, 11, 20990000, 1),
('378309300402180', 10, 28, 11, 20990000, 1),
('378309300402181', 10, 28, 11, 20990000, 1),
('378309300402182', 10, 28, 11, 20990000, 1),
('378309300402183', 10, 28, 11, 20990000, 1),
('378309300402184', 10, 28, 11, 20990000, 1),
('378309300402185', 10, 28, 11, 20990000, 1),
('378309300402186', 10, 28, 11, 20990000, 1),
('378309300402187', 10, 28, 11, 20990000, 1),
('378309300402188', 10, 28, 11, 20990000, 1),
('378309300402189', 10, 28, 11, 20990000, 1),
('378309300402190', 10, 28, 11, 20990000, 1),
('378309300402191', 10, 28, 11, 20990000, 1),
('378309300402192', 10, 28, 11, 20990000, 1),
('378309300402193', 10, 28, 11, 20990000, 1),
('378309300402194', 10, 28, 11, 20990000, 1),
('378309300402195', 10, 28, 11, 20990000, 1),
('378309300402196', 10, 28, 11, 20990000, 1),
('378309300402197', 10, 28, 11, 20990000, 1),
('378309300402198', 10, 28, 11, 20990000, 1),
('378309300402199', 10, 28, 11, 20990000, 1),
('378309300402200', 10, 28, 11, 20990000, 1),
('378309300402201', 10, 28, 11, 20990000, 1),
('378309300402202', 10, 28, 11, 20990000, 1),
('378309300402203', 10, 28, 11, 20990000, 1),
('378309300402204', 10, 28, 11, 20990000, 1),
('378309300402205', 10, 28, 11, 20990000, 1),
('378309300402206', 10, 28, 11, 20990000, 1),
('378309300402207', 10, 28, 11, 20990000, 1),
('378309300402208', 10, 28, 11, 20990000, 1),
('378309300402209', 10, 28, 11, 20990000, 1),
('378309300402210', 10, 28, 11, 20990000, 1),
('378309300402211', 10, 28, 11, 20990000, 1),
('378309300402212', 10, 28, 11, 20990000, 1),
('378309300402213', 10, 28, 11, 20990000, 1),
('378309300402214', 10, 28, 11, 20990000, 1),
('378309300402215', 10, 28, 11, 20990000, 1),
('378309300402216', 10, 28, 11, 20990000, 1),
('378309300402217', 10, 28, 11, 20990000, 1),
('378309300402218', 10, 28, 11, 20990000, 1),
('378309300402219', 10, 28, 11, 20990000, 1),
('378309300402220', 10, 28, 11, 20990000, 1),
('378309300402221', 10, 28, 11, 20990000, 1),
('378309300402222', 10, 28, 11, 20990000, 1),
('378309300402223', 10, 28, 11, 20990000, 1),
('378309300402224', 10, 28, 11, 20990000, 1),
('378309300402225', 10, 28, 11, 20990000, 1),
('378309300402226', 10, 28, 11, 20990000, 1),
('426977198105305', 6, 15, 5, 3899000, 1),
('426977198105306', 6, 15, 5, 3899000, 1),
('426977198105307', 6, 15, 5, 3899000, 1),
('426977198105308', 6, 15, 5, 3899000, 1),
('426977198105309', 6, 15, 5, 3899000, 1),
('426977198105310', 6, 15, 5, 3899000, 1),
('426977198105311', 6, 15, 5, 3899000, 1),
('426977198105312', 6, 15, 5, 3899000, 1),
('426977198105313', 6, 15, 5, 3899000, 1),
('426977198105314', 6, 15, 5, 3899000, 1),
('426977198105315', 6, 15, 5, 3899000, 1),
('426977198105316', 6, 15, 5, 3899000, 1),
('426977198105317', 6, 15, 5, 3899000, 1),
('426977198105318', 6, 15, 5, 3899000, 1),
('426977198105319', 6, 15, 5, 3899000, 1),
('426977198105320', 6, 15, 5, 3899000, 1),
('426977198105321', 6, 15, 5, 3899000, 1),
('426977198105322', 6, 15, 5, 3899000, 1),
('426977198105323', 6, 15, 5, 3899000, 1),
('426977198105324', 6, 15, 5, 3899000, 1),
('426977198105325', 6, 15, 5, 3899000, 1),
('426977198105326', 6, 15, 5, 3899000, 1),
('426977198105327', 6, 15, 5, 3899000, 1),
('426977198105328', 6, 15, 5, 3899000, 1),
('426977198105329', 6, 15, 5, 3899000, 1),
('426977198105330', 6, 15, 5, 3899000, 1),
('426977198105331', 6, 15, 5, 3899000, 1),
('426977198105332', 6, 15, 5, 3899000, 1),
('426977198105333', 6, 15, 5, 3899000, 1),
('426977198105334', 6, 15, 5, 3899000, 1),
('426977198105335', 6, 15, 5, 3899000, 1),
('426977198105336', 6, 15, 5, 3899000, 1),
('426977198105337', 6, 15, 5, 3899000, 1),
('426977198105338', 6, 15, 5, 3899000, 1),
('426977198105339', 6, 15, 5, 3899000, 1),
('426977198105340', 6, 15, 5, 3899000, 1),
('426977198105341', 6, 15, 5, 3899000, 1),
('426977198105342', 6, 15, 5, 3899000, 1),
('426977198105343', 6, 15, 5, 3899000, 1),
('426977198105344', 6, 15, 5, 3899000, 1),
('426977198105345', 6, 15, 5, 3899000, 1),
('426977198105346', 6, 15, 5, 3899000, 1),
('434014075901359', 2, 6, 8, 34999000, 1),
('434014075901360', 2, 6, 8, 34999000, 1),
('434014075901361', 2, 6, 8, 34999000, 1),
('434014075901362', 2, 6, 8, 34999000, 1),
('434014075901363', 2, 6, 8, 34999000, 1),
('434014075901364', 2, 6, 8, 34999000, 1),
('434014075901365', 2, 6, 8, 34999000, 1),
('434014075901366', 2, 6, 8, 34999000, 1),
('434014075901367', 2, 6, 8, 34999000, 1),
('434014075901368', 2, 6, 8, 34999000, 1),
('434014075901369', 2, 6, 8, 34999000, 1),
('434014075901370', 2, 6, 8, 34999000, 1),
('434014075901371', 2, 6, 8, 34999000, 1),
('434014075901372', 2, 6, 8, 34999000, 1),
('434014075901373', 2, 6, 8, 34999000, 1),
('434014075901374', 2, 6, 8, 34999000, 1),
('434014075901375', 2, 6, 8, 34999000, 1),
('434014075901376', 2, 6, 8, 34999000, 1),
('434014075901377', 2, 6, 8, 34999000, 1),
('434014075901378', 2, 6, 8, 34999000, 1),
('434014075901379', 2, 6, 8, 34999000, 1),
('434014075901380', 2, 6, 8, 34999000, 1),
('434014075901381', 2, 6, 8, 34999000, 1),
('434014075901382', 2, 6, 8, 34999000, 1),
('434014075901383', 2, 6, 8, 34999000, 1),
('434014075901384', 2, 6, 8, 34999000, 1),
('434014075901385', 2, 6, 8, 34999000, 1),
('434014075901386', 2, 6, 8, 34999000, 1),
('434014075901387', 2, 6, 8, 34999000, 1),
('434014075901388', 2, 6, 8, 34999000, 1),
('434014075901389', 2, 6, 8, 34999000, 1),
('434014075901390', 2, 6, 8, 34999000, 1),
('434014075901391', 2, 6, 8, 34999000, 1),
('434014075901392', 2, 6, 8, 34999000, 1),
('434014075901393', 2, 6, 8, 34999000, 1),
('434014075901394', 2, 6, 8, 34999000, 1),
('434014075901395', 2, 6, 8, 34999000, 1),
('434014075901396', 2, 6, 8, 34999000, 1),
('454934499925002', 2, 4, 6, 16789000, 1),
('454934499925003', 2, 4, 6, 16789000, 1),
('454934499925004', 2, 4, 6, 16789000, 1),
('454934499925005', 2, 4, 6, 16789000, 1),
('454934499925006', 2, 4, 6, 16789000, 1),
('454934499925007', 2, 4, 6, 16789000, 1),
('454934499925008', 2, 4, 6, 16789000, 1),
('454934499925009', 2, 4, 6, 16789000, 1),
('454934499925010', 2, 4, 6, 16789000, 1),
('454934499925011', 2, 4, 6, 16789000, 1),
('454934499925012', 2, 4, 6, 16789000, 1),
('454934499925013', 2, 4, 6, 16789000, 1),
('454934499925014', 2, 4, 6, 16789000, 1),
('454934499925015', 2, 4, 6, 16789000, 1),
('454934499925016', 2, 4, 6, 16789000, 1),
('454934499925017', 2, 4, 6, 16789000, 1),
('454934499925018', 2, 4, 6, 16789000, 1),
('454934499925019', 2, 4, 6, 16789000, 1),
('454934499925020', 2, 4, 6, 16789000, 1),
('454934499925021', 2, 4, 6, 16789000, 1),
('454934499925022', 2, 4, 6, 16789000, 1),
('454934499925023', 2, 4, 6, 16789000, 1),
('454934499925024', 2, 4, 6, 16789000, 1),
('454934499925025', 2, 4, 6, 16789000, 1),
('454934499925026', 2, 4, 6, 16789000, 1),
('454934499925027', 2, 4, 6, 16789000, 1),
('454934499925028', 2, 4, 6, 16789000, 1),
('454934499925029', 2, 4, 6, 16789000, 1),
('454934499925030', 2, 4, 6, 16789000, 1),
('454934499925031', 2, 4, 6, 16789000, 1),
('454934499925032', 2, 4, 6, 16789000, 1),
('454934499925033', 2, 4, 6, 16789000, 1),
('454934499925034', 2, 4, 6, 16789000, 1),
('454934499925035', 2, 4, 6, 16789000, 1),
('454934499925036', 2, 4, 6, 16789000, 1),
('454934499925037', 2, 4, 6, 16789000, 1),
('454934499925038', 2, 4, 6, 16789000, 1),
('454934499925039', 2, 4, 6, 16789000, 1),
('454934499925040', 2, 4, 6, 16789000, 1),
('454934499925041', 2, 4, 6, 16789000, 1),
('454934499925042', 2, 4, 6, 16789000, 1),
('454934499925043', 2, 4, 6, 16789000, 1),
('454934499925044', 2, 4, 6, 16789000, 1),
('454934499925045', 2, 4, 6, 16789000, 1),
('454934499925046', 2, 4, 6, 16789000, 1),
('454934499925047', 2, 4, 6, 16789000, 1),
('454934499925048', 2, 4, 6, 16789000, 1),
('454934499925049', 2, 4, 6, 16789000, 1),
('454934499925050', 2, 4, 6, 16789000, 1),
('454934499925051', 2, 4, 6, 16789000, 1),
('454934499925052', 2, 4, 6, 16789000, 1),
('454934499925053', 2, 4, 6, 16789000, 1),
('463417069986462', 10, 35, 9, 24990000, 1),
('463417069986463', 10, 35, 9, 24990000, 1),
('463417069986464', 10, 35, 9, 24990000, 1),
('463417069986465', 10, 35, 9, 24990000, 1),
('463417069986466', 10, 35, 9, 24990000, 1),
('463417069986467', 10, 35, 9, 24990000, 1),
('463417069986468', 10, 35, 9, 24990000, 1),
('463417069986469', 10, 35, 9, 24990000, 1),
('463417069986470', 10, 35, 9, 24990000, 1),
('463417069986471', 10, 35, 9, 24990000, 1),
('463417069986472', 10, 35, 9, 24990000, 1),
('463417069986473', 10, 35, 9, 24990000, 1),
('463417069986474', 10, 35, 9, 24990000, 1),
('463417069986475', 10, 35, 9, 24990000, 1),
('463417069986476', 10, 35, 9, 24990000, 1),
('463417069986477', 10, 35, 9, 24990000, 1),
('463417069986478', 10, 35, 9, 24990000, 1),
('463417069986479', 10, 35, 9, 24990000, 1),
('463417069986480', 10, 35, 9, 24990000, 1),
('463417069986481', 10, 35, 9, 24990000, 1),
('463417069986482', 10, 35, 9, 24990000, 1),
('463417069986483', 10, 35, 9, 24990000, 1),
('463417069986484', 10, 35, 9, 24990000, 1),
('463417069986485', 10, 35, 9, 24990000, 1),
('463417069986486', 10, 35, 9, 24990000, 1),
('463417069986487', 10, 35, 9, 24990000, 1),
('463417069986488', 10, 35, 9, 24990000, 1),
('463417069986489', 10, 35, 9, 24990000, 1),
('520774709293618', 9, 27, 8, 6990000, 1),
('520774709293619', 9, 27, 8, 6990000, 1),
('520774709293620', 9, 27, 8, 6990000, 1),
('520774709293621', 9, 27, 8, 6990000, 1),
('520774709293622', 9, 27, 8, 6990000, 1),
('520774709293623', 9, 27, 8, 6990000, 0),
('520774709293624', 9, 27, 8, 6990000, 1),
('520774709293625', 9, 27, 8, 6990000, 1),
('520774709293626', 9, 27, 8, 6990000, 1),
('520774709293627', 9, 27, 8, 6990000, 1),
('520774709293628', 9, 27, 8, 6990000, 1),
('520774709293629', 9, 27, 8, 6990000, 1),
('520774709293630', 9, 27, 8, 6990000, 1),
('520774709293631', 9, 27, 8, 6990000, 1),
('520774709293632', 9, 27, 8, 6990000, 1),
('520774709293633', 9, 27, 8, 6990000, 1),
('520774709293634', 9, 27, 8, 6990000, 1),
('520774709293635', 9, 27, 8, 6990000, 1),
('520774709293636', 9, 27, 8, 6990000, 1),
('520774709293637', 9, 27, 8, 6990000, 1),
('520774709293638', 9, 27, 8, 6990000, 1),
('520774709293639', 9, 27, 8, 6990000, 1),
('520774709293640', 9, 27, 8, 6990000, 1),
('520774709293641', 9, 27, 8, 6990000, 1),
('520774709293642', 9, 27, 8, 6990000, 1),
('520774709293643', 9, 27, 8, 6990000, 1),
('520774709293644', 9, 27, 8, 6990000, 1),
('520774709293645', 9, 27, 8, 6990000, 1),
('520774709293646', 9, 27, 8, 6990000, 1),
('520774709293647', 9, 27, 8, 6990000, 1),
('520774709293648', 9, 27, 8, 6990000, 1),
('536526330513879', 1, 2, 5, 16790000, 1),
('536526330513880', 1, 2, 5, 16790000, 1),
('536526330513881', 1, 2, 5, 16790000, 1),
('536526330513882', 1, 2, 5, 16790000, 1),
('536526330513883', 1, 2, 5, 16790000, 1),
('536526330513884', 1, 2, 5, 16790000, 1),
('536526330513885', 1, 2, 5, 16790000, 1),
('536526330513886', 1, 2, 5, 16790000, 1),
('536526330513887', 1, 2, 5, 16790000, 1),
('536526330513888', 1, 2, 5, 16790000, 1),
('536526330513889', 1, 2, 5, 16790000, 1),
('536526330513890', 1, 2, 5, 16790000, 1),
('536526330513891', 1, 2, 5, 16790000, 1),
('536526330513892', 1, 2, 5, 16790000, 1),
('536526330513893', 1, 2, 5, 16790000, 1),
('536526330513894', 1, 2, 5, 16790000, 1),
('536526330513895', 1, 2, 5, 16790000, 1),
('536526330513896', 1, 2, 5, 16790000, 1),
('536526330513897', 1, 2, 5, 16790000, 1),
('536526330513898', 1, 2, 5, 16790000, 1),
('536526330513899', 1, 2, 5, 16790000, 1),
('536526330513900', 1, 2, 5, 16790000, 1),
('536526330513901', 1, 2, 5, 16790000, 1),
('536526330513902', 1, 2, 5, 16790000, 1),
('551296783472465', 10, 31, 4, 18990000, 1),
('551296783472466', 10, 31, 4, 18990000, 1),
('551296783472467', 10, 31, 4, 18990000, 1),
('551296783472468', 10, 31, 4, 18990000, 1),
('551296783472469', 10, 31, 4, 18990000, 1),
('551296783472470', 10, 31, 4, 18990000, 1),
('551296783472471', 10, 31, 4, 18990000, 1),
('551296783472472', 10, 31, 4, 18990000, 1),
('551296783472473', 10, 31, 4, 18990000, 1),
('551296783472474', 10, 31, 4, 18990000, 1),
('551296783472475', 10, 31, 4, 18990000, 1),
('551296783472476', 10, 31, 4, 18990000, 1),
('551296783472477', 10, 31, 4, 18990000, 1),
('551296783472478', 10, 31, 4, 18990000, 1),
('551296783472479', 10, 31, 4, 18990000, 1),
('551296783472480', 10, 31, 4, 18990000, 1),
('551296783472481', 10, 31, 4, 18990000, 1),
('551296783472482', 10, 31, 4, 18990000, 1),
('551296783472483', 10, 31, 4, 18990000, 1),
('551296783472484', 10, 31, 4, 18990000, 1),
('551296783472485', 10, 31, 4, 18990000, 1),
('551296783472486', 10, 31, 4, 18990000, 1),
('551296783472487', 10, 31, 4, 18990000, 1),
('551296783472488', 10, 31, 4, 18990000, 1),
('551296783472489', 10, 31, 4, 18990000, 1),
('551296783472490', 10, 31, 4, 18990000, 1),
('551296783472491', 10, 31, 4, 18990000, 1),
('551296783472492', 10, 31, 4, 18990000, 1),
('551296783472493', 10, 31, 4, 18990000, 1),
('551296783472494', 10, 31, 4, 18990000, 1),
('551296783472495', 10, 31, 4, 18990000, 1),
('551296783472496', 10, 31, 4, 18990000, 1),
('551296783472497', 10, 31, 4, 18990000, 1),
('551296783472498', 10, 31, 4, 18990000, 1),
('551296783472499', 10, 31, 4, 18990000, 1),
('551296783472500', 10, 31, 4, 18990000, 1),
('551296783472501', 10, 31, 4, 18990000, 1),
('551296783472502', 10, 31, 4, 18990000, 1),
('551296783472503', 10, 31, 4, 18990000, 1),
('551296783472504', 10, 31, 4, 18990000, 1),
('551296783472505', 10, 31, 4, 18990000, 1),
('551296783472506', 10, 31, 4, 18990000, 1),
('551296783472507', 10, 31, 4, 18990000, 1),
('561549845384433', 7, 21, 7, 12990000, 1),
('561549845384434', 7, 21, 7, 12990000, 1),
('561549845384435', 7, 21, 7, 12990000, 1),
('561549845384436', 7, 21, 7, 12990000, 1),
('561549845384437', 7, 21, 7, 12990000, 1),
('561549845384438', 7, 21, 7, 12990000, 1),
('561549845384439', 7, 21, 7, 12990000, 1),
('561549845384440', 7, 21, 7, 12990000, 1),
('561549845384441', 7, 21, 7, 12990000, 1),
('561549845384442', 7, 21, 7, 12990000, 1),
('561549845384443', 7, 21, 7, 12990000, 1),
('561549845384444', 7, 21, 7, 12990000, 1),
('561549845384445', 7, 21, 7, 12990000, 1),
('561549845384446', 7, 21, 7, 12990000, 1),
('561549845384447', 7, 21, 7, 12990000, 1),
('561549845384448', 7, 21, 7, 12990000, 1),
('574740892508998', 10, 30, 9, 22790000, 1),
('574740892508999', 10, 30, 9, 22790000, 1),
('574740892509000', 10, 30, 9, 22790000, 1),
('574740892509001', 10, 30, 9, 22790000, 1),
('574740892509002', 10, 30, 9, 22790000, 1),
('574740892509003', 10, 30, 9, 22790000, 1),
('574740892509004', 10, 30, 9, 22790000, 1),
('574740892509005', 10, 30, 9, 22790000, 1),
('574740892509006', 10, 30, 9, 22790000, 1),
('574740892509007', 10, 30, 9, 22790000, 1),
('574740892509008', 10, 30, 9, 22790000, 1),
('574740892509009', 10, 30, 9, 22790000, 1),
('574740892509010', 10, 30, 9, 22790000, 1),
('574740892509011', 10, 30, 9, 22790000, 1),
('574740892509012', 10, 30, 9, 22790000, 1),
('574740892509013', 10, 30, 9, 22790000, 1),
('574740892509014', 10, 30, 9, 22790000, 1),
('574740892509015', 10, 30, 9, 22790000, 1),
('574740892509016', 10, 30, 9, 22790000, 1),
('574740892509017', 10, 30, 9, 22790000, 1),
('574740892509018', 10, 30, 9, 22790000, 1),
('574740892509019', 10, 30, 9, 22790000, 1),
('574740892509020', 10, 30, 9, 22790000, 1),
('574740892509021', 10, 30, 9, 22790000, 1),
('574740892509022', 10, 30, 9, 22790000, 1),
('574740892509023', 10, 30, 9, 22790000, 1),
('574740892509024', 10, 30, 9, 22790000, 1),
('574740892509025', 10, 30, 9, 22790000, 1),
('574740892509026', 10, 30, 9, 22790000, 1),
('574740892509027', 10, 30, 9, 22790000, 1),
('574740892509028', 10, 30, 9, 22790000, 1),
('574740892509029', 10, 30, 9, 22790000, 1),
('574740892509030', 10, 30, 9, 22790000, 1),
('574740892509031', 10, 30, 9, 22790000, 1),
('574740892509032', 10, 30, 9, 22790000, 1),
('574740892509033', 10, 30, 9, 22790000, 1),
('574740892509034', 10, 30, 9, 22790000, 1),
('574740892509035', 10, 30, 9, 22790000, 1),
('574740892509036', 10, 30, 9, 22790000, 1),
('574740892509037', 10, 30, 9, 22790000, 1),
('574740892509038', 10, 30, 9, 22790000, 1),
('574740892509039', 10, 30, 9, 22790000, 1),
('574740892509040', 10, 30, 9, 22790000, 1),
('574740892509041', 10, 30, 9, 22790000, 1),
('574740892509042', 10, 30, 9, 22790000, 1),
('576523143472465', 1, 2, 2, 28990000, 1),
('576523143472466', 1, 2, 2, 28990000, 1),
('576523143472467', 1, 2, 2, 28990000, 1),
('576523143472468', 1, 2, 2, 28990000, 1),
('576523143472469', 1, 2, 2, 28990000, 1),
('576523143472470', 1, 2, 2, 28990000, 1),
('576523143472471', 1, 2, 2, 28990000, 1),
('576523143472472', 1, 2, 2, 28990000, 1),
('576523143472473', 1, 2, 2, 28990000, 1),
('576523143472474', 1, 2, 2, 28990000, 1),
('576523143472475', 1, 2, 2, 28990000, 1),
('576523143472476', 1, 2, 2, 28990000, 1),
('576523143472477', 1, 2, 2, 28990000, 1),
('576523143472478', 1, 2, 2, 28990000, 1),
('576523143472479', 1, 2, 2, 28990000, 1),
('576523143472480', 1, 2, 2, 28990000, 1),
('576523143472481', 1, 2, 2, 28990000, 1),
('576523143472482', 1, 2, 2, 28990000, 1),
('576523143472483', 1, 2, 2, 28990000, 1),
('576523143472484', 1, 2, 2, 28990000, 1),
('576523143472485', 1, 2, 2, 28990000, 1),
('576523143472486', 1, 2, 2, 28990000, 1),
('576523143472487', 1, 2, 2, 28990000, 1),
('576523143472488', 1, 2, 2, 28990000, 1),
('576523143472489', 1, 2, 2, 28990000, 1),
('576523143472490', 1, 2, 2, 28990000, 1),
('576523143472491', 1, 2, 2, 28990000, 1),
('576523143472492', 1, 2, 2, 28990000, 1),
('576523143472493', 1, 2, 2, 28990000, 1),
('576523143472494', 1, 2, 2, 28990000, 1),
('576523143472495', 1, 2, 2, 28990000, 1),
('576523143472496', 1, 2, 2, 28990000, 1),
('576523143472497', 1, 2, 2, 28990000, 1),
('576523143472498', 1, 2, 2, 28990000, 1),
('576523143472499', 1, 2, 2, 28990000, 1),
('576523143472500', 1, 2, 2, 28990000, 1),
('576523143472501', 1, 2, 2, 28990000, 1),
('576523143472502', 1, 2, 2, 28990000, 1),
('576523143472503', 1, 2, 2, 28990000, 1),
('576523143472504', 1, 2, 2, 28990000, 1),
('576523143472505', 1, 2, 2, 28990000, 1),
('576523143472506', 1, 2, 2, 28990000, 1),
('576523143472507', 1, 2, 2, 28990000, 1),
('576523143472508', 1, 2, 2, 28990000, 1),
('576523143472509', 1, 2, 2, 28990000, 1),
('576543123875465', 1, 3, 2, 28999000, 1),
('576543123875466', 1, 3, 2, 28999000, 1),
('576543123875467', 1, 3, 2, 28999000, 1),
('576543123875468', 1, 3, 2, 28999000, 1),
('576543123875469', 1, 3, 2, 28999000, 1),
('576543123875470', 1, 3, 2, 28999000, 1),
('576543123875471', 1, 3, 2, 28999000, 1),
('576543123875472', 1, 3, 2, 28999000, 1),
('576543123875473', 1, 3, 2, 28999000, 1),
('576543123875474', 1, 3, 2, 28999000, 1),
('576543123875475', 1, 3, 2, 28999000, 1),
('576543123875476', 1, 3, 2, 28999000, 1),
('576543123875477', 1, 3, 2, 28999000, 1),
('576543123875478', 1, 3, 2, 28999000, 1),
('576543123875479', 1, 3, 2, 28999000, 1),
('576543123875480', 1, 3, 2, 28999000, 1),
('576543123875481', 1, 3, 2, 28999000, 1),
('576543123875482', 1, 3, 2, 28999000, 1),
('576543123875483', 1, 3, 2, 28999000, 1),
('576543123875484', 1, 3, 2, 28999000, 1),
('576543123875485', 1, 3, 2, 28999000, 1),
('576543123875486', 1, 3, 2, 28999000, 1),
('576543123875487', 1, 3, 2, 28999000, 1),
('576543123875488', 1, 3, 2, 28999000, 1),
('576543123875489', 1, 3, 2, 28999000, 1),
('576543123875490', 1, 3, 2, 28999000, 1),
('576543123875491', 1, 3, 2, 28999000, 1),
('576543123875492', 1, 3, 2, 28999000, 1),
('576543123875493', 1, 3, 2, 28999000, 1),
('576543123875494', 1, 3, 2, 28999000, 1),
('576543213472465', 1, 1, 1, 27799000, 1),
('576543213472466', 1, 1, 1, 27799000, 1),
('576543213472467', 1, 1, 1, 27799000, 1),
('576543213472468', 1, 1, 1, 27799000, 1),
('576543213472469', 1, 1, 1, 27799000, 1),
('576543213472470', 1, 1, 1, 27799000, 1),
('576543213472471', 1, 1, 1, 27799000, 1),
('576543213472472', 1, 1, 1, 27799000, 1),
('576543213472473', 1, 1, 1, 27799000, 1),
('576543213472474', 1, 1, 1, 27799000, 1),
('576543213472475', 1, 1, 1, 27799000, 1),
('576543213472476', 1, 1, 1, 27799000, 1),
('576543213472477', 1, 1, 1, 27799000, 1),
('576543213472478', 1, 1, 1, 27799000, 1),
('576543213472479', 1, 1, 1, 27799000, 1),
('576543213472480', 1, 1, 1, 27799000, 1),
('576543213472481', 1, 1, 1, 27799000, 1),
('576543213472482', 1, 1, 1, 27799000, 1),
('576543213472483', 1, 1, 1, 27799000, 1),
('576543213472484', 1, 1, 1, 27799000, 1),
('576543213472485', 1, 1, 1, 27799000, 1),
('576543213472486', 1, 1, 1, 27799000, 1),
('576543213472487', 1, 1, 1, 27799000, 1),
('604315339820459', 8, 23, 6, 10990000, 1),
('604315339820460', 8, 23, 6, 10990000, 1),
('604315339820461', 8, 23, 6, 10990000, 1),
('604315339820462', 8, 23, 6, 10990000, 1),
('604315339820463', 8, 23, 6, 10990000, 1),
('604315339820464', 8, 23, 6, 10990000, 1),
('604315339820465', 8, 23, 6, 10990000, 1),
('604315339820466', 8, 23, 6, 10990000, 1),
('604315339820467', 8, 23, 6, 10990000, 1),
('604315339820468', 8, 23, 6, 10990000, 1),
('604315339820469', 8, 23, 6, 10990000, 1),
('604315339820470', 8, 23, 6, 10990000, 1),
('604315339820471', 8, 23, 6, 10990000, 1),
('604315339820472', 8, 23, 6, 10990000, 1),
('604315339820473', 8, 23, 6, 10990000, 1),
('604315339820474', 8, 23, 6, 10990000, 1),
('604315339820475', 8, 23, 6, 10990000, 1),
('604315339820476', 8, 23, 6, 10990000, 1),
('604315339820477', 8, 23, 6, 10990000, 1),
('604315339820478', 8, 23, 6, 10990000, 1),
('604315339820479', 8, 23, 6, 10990000, 1),
('604315339820480', 8, 23, 6, 10990000, 1),
('604315339820481', 8, 23, 6, 10990000, 1),
('604315339820482', 8, 23, 6, 10990000, 1),
('604315339820483', 8, 23, 6, 10990000, 1),
('604315339820484', 8, 23, 6, 10990000, 1),
('604315339820485', 8, 23, 6, 10990000, 1),
('604315339820486', 8, 23, 6, 10990000, 1),
('604315339820487', 8, 23, 6, 10990000, 1),
('604315339820488', 8, 23, 6, 10990000, 1),
('604315339820489', 8, 23, 6, 10990000, 1),
('604315339820490', 8, 23, 6, 10990000, 1),
('604315339820491', 8, 23, 6, 10990000, 1),
('604315339820492', 8, 23, 6, 10990000, 1),
('604315339820493', 8, 23, 6, 10990000, 1),
('604315339820494', 8, 23, 6, 10990000, 1),
('604315339820495', 8, 23, 6, 10990000, 1),
('604315339820496', 8, 23, 6, 10990000, 1),
('604315339820497', 8, 23, 6, 10990000, 1),
('604315339820498', 8, 23, 6, 10990000, 1),
('604315339820499', 8, 23, 6, 10990000, 1),
('604315339820500', 8, 23, 6, 10990000, 1),
('604315339820501', 8, 23, 6, 10990000, 1),
('604315339820502', 8, 23, 6, 10990000, 1),
('604315339820503', 8, 23, 6, 10990000, 1),
('604315339820504', 8, 23, 6, 10990000, 1),
('604315339820505', 8, 23, 6, 10990000, 1),
('604315339820506', 8, 23, 6, 10990000, 1),
('604315339820507', 8, 23, 6, 10990000, 1),
('604315339820508', 8, 23, 6, 10990000, 1),
('604315339820509', 8, 23, 6, 10990000, 1),
('604315339820510', 8, 23, 6, 10990000, 1),
('604315339820511', 8, 23, 6, 10990000, 1),
('604315339820512', 8, 23, 6, 10990000, 1),
('604315339820513', 8, 23, 6, 10990000, 1),
('604315339820514', 8, 23, 6, 10990000, 1),
('604315339820515', 8, 23, 6, 10990000, 1),
('604315339820516', 8, 23, 6, 10990000, 1),
('604315339820517', 8, 23, 6, 10990000, 1),
('604315339820518', 8, 23, 6, 10990000, 1),
('604315339820519', 8, 23, 6, 10990000, 1),
('604315339820520', 8, 23, 6, 10990000, 1),
('630802761763334', 6, 16, 10, 6890000, 1),
('630802761763335', 6, 16, 10, 6890000, 1),
('630802761763336', 6, 16, 10, 6890000, 1),
('630802761763337', 6, 16, 10, 6890000, 1),
('630802761763338', 6, 16, 10, 6890000, 1),
('630802761763339', 6, 16, 10, 6890000, 0),
('630802761763340', 6, 16, 10, 6890000, 1),
('630802761763341', 6, 16, 10, 6890000, 1),
('630802761763342', 6, 16, 10, 6890000, 1),
('630802761763343', 6, 16, 10, 6890000, 1),
('630802761763344', 6, 16, 10, 6890000, 1),
('630802761763345', 6, 16, 10, 6890000, 1),
('630802761763346', 6, 16, 10, 6890000, 1),
('630802761763347', 6, 16, 10, 6890000, 1),
('630802761763348', 6, 16, 10, 6890000, 1),
('630802761763349', 6, 16, 10, 6890000, 1),
('630802761763350', 6, 16, 10, 6890000, 1),
('630802761763351', 6, 16, 10, 6890000, 1),
('630802761763352', 6, 16, 10, 6890000, 1),
('630802761763353', 6, 16, 10, 6890000, 1),
('630802761763354', 6, 16, 10, 6890000, 1),
('630802761763355', 6, 16, 10, 6890000, 1),
('630802761763356', 6, 16, 10, 6890000, 1),
('630802761763357', 6, 16, 10, 6890000, 1),
('630802761763358', 6, 16, 10, 6890000, 1),
('630802761763359', 6, 16, 10, 6890000, 1),
('630802761763360', 6, 16, 10, 6890000, 1),
('630802761763361', 6, 16, 10, 6890000, 1),
('630802761763362', 6, 16, 10, 6890000, 1),
('630802761763363', 6, 16, 10, 6890000, 1),
('630802761763364', 6, 16, 10, 6890000, 1),
('630802761763365', 6, 16, 10, 6890000, 1),
('636424990836530', 9, 26, 8, 8190000, 1),
('636424990836531', 9, 26, 8, 8190000, 1),
('636424990836532', 9, 26, 8, 8190000, 1),
('636424990836533', 9, 26, 8, 8190000, 1),
('636424990836534', 9, 26, 8, 8190000, 1),
('636424990836535', 9, 26, 8, 8190000, 1),
('636424990836536', 9, 26, 8, 8190000, 1),
('636424990836537', 9, 26, 8, 8190000, 1),
('636424990836538', 9, 26, 8, 8190000, 0),
('636424990836539', 9, 26, 8, 8190000, 1),
('636424990836540', 9, 26, 8, 8190000, 1),
('636424990836541', 9, 26, 8, 8190000, 1),
('636424990836542', 9, 26, 8, 8190000, 1),
('636424990836543', 9, 26, 8, 8190000, 1),
('636424990836544', 9, 26, 8, 8190000, 1),
('636424990836545', 9, 26, 8, 8190000, 1),
('636424990836546', 9, 26, 8, 8190000, 1),
('636424990836547', 9, 26, 8, 8190000, 1),
('636424990836548', 9, 26, 8, 8190000, 1),
('636424990836549', 9, 26, 8, 8190000, 1),
('636424990836550', 9, 26, 8, 8190000, 1),
('636424990836551', 9, 26, 8, 8190000, 1),
('636424990836552', 9, 26, 8, 8190000, 1),
('636424990836553', 9, 26, 8, 8190000, 1),
('636424990836554', 9, 26, 8, 8190000, 1),
('636424990836555', 9, 26, 8, 8190000, 1),
('636424990836556', 9, 26, 8, 8190000, 1),
('636424990836557', 9, 26, 8, 8190000, 1),
('663955948082730', 10, 33, 9, 24990000, 1),
('663955948082731', 10, 33, 9, 24990000, 1),
('663955948082732', 10, 33, 9, 24990000, 1),
('663955948082733', 10, 33, 9, 24990000, 1),
('663955948082734', 10, 33, 9, 24990000, 1),
('663955948082735', 10, 33, 9, 24990000, 1),
('663955948082736', 10, 33, 9, 24990000, 1),
('663955948082737', 10, 33, 9, 24990000, 1),
('663955948082738', 10, 33, 9, 24990000, 1),
('663955948082739', 10, 33, 9, 24990000, 1),
('663955948082740', 10, 33, 9, 24990000, 1),
('663955948082741', 10, 33, 9, 24990000, 1),
('663955948082742', 10, 33, 9, 24990000, 1),
('663955948082743', 10, 33, 9, 24990000, 1),
('663955948082744', 10, 33, 9, 24990000, 1),
('663955948082745', 10, 33, 9, 24990000, 1),
('663955948082746', 10, 33, 9, 24990000, 1),
('663955948082747', 10, 33, 9, 24990000, 1),
('663955948082748', 10, 33, 9, 24990000, 1),
('663955948082749', 10, 33, 9, 24990000, 1),
('663955948082750', 10, 33, 9, 24990000, 1),
('663955948082751', 10, 33, 9, 24990000, 1),
('663955948082752', 10, 33, 9, 24990000, 1),
('663955948082753', 10, 33, 9, 24990000, 1),
('663955948082754', 10, 33, 9, 24990000, 1),
('663955948082755', 10, 33, 9, 24990000, 1),
('663955948082756', 10, 33, 9, 24990000, 1),
('663955948082757', 10, 33, 9, 24990000, 1),
('663955948082758', 10, 33, 9, 24990000, 1),
('663955948082759', 10, 33, 9, 24990000, 1),
('663955948082760', 10, 33, 9, 24990000, 1),
('663955948082761', 10, 33, 9, 24990000, 1),
('663955948082762', 10, 33, 9, 24990000, 1),
('663955948082763', 10, 33, 9, 24990000, 1),
('663955948082764', 10, 33, 9, 24990000, 1),
('663955948082765', 10, 33, 9, 24990000, 1),
('663955948082766', 10, 33, 9, 24990000, 1),
('663955948082767', 10, 33, 9, 24990000, 1),
('663955948082768', 10, 33, 9, 24990000, 1),
('663955948082769', 10, 33, 9, 24990000, 1),
('663955948082770', 10, 33, 9, 24990000, 1),
('663955948082771', 10, 33, 9, 24990000, 1),
('670396306551992', 3, 9, 6, 37990000, 1),
('670396306551993', 3, 9, 6, 37990000, 1),
('670396306551994', 3, 9, 6, 37990000, 1),
('670396306551995', 3, 9, 6, 37990000, 1),
('670396306551996', 3, 9, 6, 37990000, 1),
('670396306551997', 3, 9, 6, 37990000, 1),
('670396306551998', 3, 9, 6, 37990000, 1),
('670396306551999', 3, 9, 6, 37990000, 1),
('670396306552000', 3, 9, 6, 37990000, 1),
('670396306552001', 3, 9, 6, 37990000, 1),
('670396306552002', 3, 9, 6, 37990000, 1),
('670396306552003', 3, 9, 6, 37990000, 1),
('670396306552004', 3, 9, 6, 37990000, 1),
('670396306552005', 3, 9, 6, 37990000, 1),
('670396306552006', 3, 9, 6, 37990000, 1),
('670396306552007', 3, 9, 6, 37990000, 1),
('670396306552008', 3, 9, 6, 37990000, 1),
('670396306552009', 3, 9, 6, 37990000, 1),
('670396306552010', 3, 9, 6, 37990000, 1),
('670396306552011', 3, 9, 6, 37990000, 1),
('670396306552012', 3, 9, 6, 37990000, 1),
('670396306552013', 3, 9, 6, 37990000, 1),
('670396306552014', 3, 9, 6, 37990000, 1),
('670396306552015', 3, 9, 6, 37990000, 1),
('670396306552016', 3, 9, 6, 37990000, 1),
('670396306552017', 3, 9, 6, 37990000, 1),
('670396306552018', 3, 9, 6, 37990000, 1),
('670396306552019', 3, 9, 6, 37990000, 1),
('670396306552020', 3, 9, 6, 37990000, 1),
('670396306552021', 3, 9, 6, 37990000, 1),
('670396306552022', 3, 9, 6, 37990000, 1),
('670396306552023', 3, 9, 6, 37990000, 1),
('670396306552024', 3, 9, 6, 37990000, 1),
('670396306552025', 3, 9, 6, 37990000, 1),
('670396306552026', 3, 9, 6, 37990000, 1),
('670396306552027', 3, 9, 6, 37990000, 1),
('670396306552028', 3, 9, 6, 37990000, 1),
('670396306552029', 3, 9, 6, 37990000, 1),
('670396306552030', 3, 9, 6, 37990000, 1),
('670396306552031', 3, 9, 6, 37990000, 1),
('670396306552032', 3, 9, 6, 37990000, 1),
('670396306552033', 3, 9, 6, 37990000, 1),
('670396306552034', 3, 9, 6, 37990000, 1),
('670396306552035', 3, 9, 6, 37990000, 1),
('670396306552036', 3, 9, 6, 37990000, 1),
('670396306552037', 3, 9, 6, 37990000, 1),
('670396306552038', 3, 9, 6, 37990000, 1),
('670396306552039', 3, 9, 6, 37990000, 1),
('670396306552040', 3, 9, 6, 37990000, 1),
('670396306552041', 3, 9, 6, 37990000, 1),
('670396306552042', 3, 9, 6, 37990000, 1),
('670396306552043', 3, 9, 6, 37990000, 1),
('670396306552044', 3, 9, 6, 37990000, 1),
('670396306552045', 3, 9, 6, 37990000, 1),
('670396306552046', 3, 9, 6, 37990000, 1),
('670396306552047', 3, 9, 6, 37990000, 1),
('670396306552048', 3, 9, 6, 37990000, 1),
('670396306552049', 3, 9, 6, 37990000, 1),
('670396306552050', 3, 9, 6, 37990000, 1),
('670396306552051', 3, 9, 6, 37990000, 1),
('670396306552052', 3, 9, 6, 37990000, 1),
('670396306552053', 3, 9, 6, 37990000, 1),
('746126866200938', 9, 25, 8, 68900000, 1),
('746126866200939', 9, 25, 8, 68900000, 1),
('746126866200940', 9, 25, 8, 68900000, 1),
('746126866200941', 9, 25, 8, 68900000, 1),
('746126866200942', 9, 25, 8, 68900000, 1),
('746126866200943', 9, 25, 8, 68900000, 1),
('746126866200944', 9, 25, 8, 68900000, 1),
('746126866200945', 9, 25, 8, 68900000, 1),
('746126866200946', 9, 25, 8, 68900000, 1),
('746126866200947', 9, 25, 8, 68900000, 1),
('746126866200948', 9, 25, 8, 68900000, 1),
('746126866200949', 9, 25, 8, 68900000, 1),
('746126866200950', 9, 25, 8, 68900000, 1),
('746126866200951', 9, 25, 8, 68900000, 1),
('746126866200952', 9, 25, 8, 68900000, 1),
('746126866200953', 9, 25, 8, 68900000, 1),
('746126866200954', 9, 25, 8, 68900000, 1),
('746126866200955', 9, 25, 8, 68900000, 1),
('746126866200956', 9, 25, 8, 68900000, 1),
('746126866200957', 9, 25, 8, 68900000, 1),
('746126866200958', 9, 25, 8, 68900000, 1),
('746126866200959', 9, 25, 8, 68900000, 1),
('746126866200960', 9, 25, 8, 68900000, 1),
('746126866200961', 9, 25, 8, 68900000, 1),
('746126866200962', 9, 25, 8, 68900000, 1),
('746126866200963', 9, 25, 8, 68900000, 1),
('746126866200964', 9, 25, 8, 68900000, 1),
('746126866200965', 9, 25, 8, 68900000, 1),
('746126866200966', 9, 25, 8, 68900000, 1),
('746126866200967', 9, 25, 8, 68900000, 1),
('746126866200968', 9, 25, 8, 68900000, 1),
('746126866200969', 9, 25, 8, 68900000, 1),
('746126866200970', 9, 25, 8, 68900000, 1),
('746126866200971', 9, 25, 8, 68900000, 1),
('746126866200972', 9, 25, 8, 68900000, 1),
('746126866200973', 9, 25, 8, 68900000, 1),
('746126866200974', 9, 25, 8, 68900000, 1),
('746126866200975', 9, 25, 8, 68900000, 1),
('746126866200976', 9, 25, 8, 68900000, 1),
('746126866200977', 9, 25, 8, 68900000, 1),
('746126866200978', 9, 25, 8, 68900000, 1),
('746126866200979', 9, 25, 8, 68900000, 1),
('746126866200980', 9, 25, 8, 68900000, 1),
('746126866200981', 9, 25, 8, 68900000, 1),
('746126866200982', 9, 25, 8, 68900000, 1),
('746126866200983', 9, 25, 8, 68900000, 1),
('746126866200984', 9, 25, 8, 68900000, 1),
('746126866200985', 9, 25, 8, 68900000, 1),
('746126866200986', 9, 25, 8, 68900000, 1),
('746126866200987', 9, 25, 8, 68900000, 1),
('746126866200988', 9, 25, 8, 68900000, 1),
('746126866200989', 9, 25, 8, 68900000, 1),
('746126866200990', 9, 25, 8, 68900000, 1),
('746126866200991', 9, 25, 8, 68900000, 1),
('746126866200992', 9, 25, 8, 68900000, 1),
('746126866200993', 9, 25, 8, 68900000, 1),
('749035434331744', 6, 17, 6, 6890000, 1),
('749035434331745', 6, 17, 6, 6890000, 1),
('749035434331746', 6, 17, 6, 6890000, 1),
('749035434331747', 6, 17, 6, 6890000, 1),
('749035434331748', 6, 17, 6, 6890000, 1),
('749035434331749', 6, 17, 6, 6890000, 1),
('749035434331750', 6, 17, 6, 6890000, 1),
('749035434331751', 6, 17, 6, 6890000, 1),
('749035434331752', 6, 17, 6, 6890000, 1),
('749035434331753', 6, 17, 6, 6890000, 1),
('749035434331754', 6, 17, 6, 6890000, 1),
('749035434331755', 6, 17, 6, 6890000, 1),
('749035434331756', 6, 17, 6, 6890000, 1),
('749035434331757', 6, 17, 6, 6890000, 1),
('749035434331758', 6, 17, 6, 6890000, 1),
('749035434331759', 6, 17, 6, 6890000, 1),
('749035434331760', 6, 17, 6, 6890000, 1),
('749035434331761', 6, 17, 6, 6890000, 1),
('749035434331762', 6, 17, 6, 6890000, 1),
('749035434331763', 6, 17, 6, 6890000, 1),
('749035434331764', 6, 17, 6, 6890000, 1),
('749035434331765', 6, 17, 6, 6890000, 1),
('749035434331766', 6, 17, 6, 6890000, 1),
('749035434331767', 6, 17, 6, 6890000, 1),
('749035434331768', 6, 17, 6, 6890000, 1),
('749035434331769', 6, 17, 6, 6890000, 1),
('749035434331770', 6, 17, 6, 6890000, 1),
('749035434331771', 6, 17, 6, 6890000, 1),
('749035434331772', 6, 17, 6, 6890000, 1),
('749035434331773', 6, 17, 6, 6890000, 1),
('749035434331774', 6, 17, 6, 6890000, 1),
('749035434331775', 6, 17, 6, 6890000, 1),
('749035434331776', 6, 17, 6, 6890000, 1),
('749035434331777', 6, 17, 6, 6890000, 1),
('749035434331778', 6, 17, 6, 6890000, 1),
('749035434331779', 6, 17, 6, 6890000, 1),
('749035434331780', 6, 17, 6, 6890000, 1),
('749035434331781', 6, 17, 6, 6890000, 1),
('749035434331782', 6, 17, 6, 6890000, 1),
('749035434331783', 6, 17, 6, 6890000, 1),
('749035434331784', 6, 17, 6, 6890000, 1),
('749035434331785', 6, 17, 6, 6890000, 1),
('749035434331786', 6, 17, 6, 6890000, 1),
('749035434331787', 6, 17, 6, 6890000, 1),
('749035434331788', 6, 17, 6, 6890000, 1),
('749035434331789', 6, 17, 6, 6890000, 1),
('749035434331790', 6, 17, 6, 6890000, 1),
('762905647512525', 5, 14, 5, 14999000, 1),
('762905647512526', 5, 14, 5, 14999000, 1),
('762905647512527', 5, 14, 5, 14999000, 1),
('762905647512528', 5, 14, 5, 14999000, 1),
('762905647512529', 5, 14, 5, 14999000, 1),
('762905647512530', 5, 14, 5, 14999000, 1),
('762905647512531', 5, 14, 5, 14999000, 1),
('762905647512532', 5, 14, 5, 14999000, 1),
('762905647512533', 5, 14, 5, 14999000, 1),
('762905647512534', 5, 14, 5, 14999000, 1),
('762905647512535', 5, 14, 5, 14999000, 1),
('762905647512536', 5, 14, 5, 14999000, 1),
('762905647512537', 5, 14, 5, 14999000, 1),
('762905647512538', 5, 14, 5, 14999000, 1),
('762905647512539', 5, 14, 5, 14999000, 1),
('762905647512540', 5, 14, 5, 14999000, 1),
('762905647512541', 5, 14, 5, 14999000, 1),
('762905647512542', 5, 14, 5, 14999000, 1),
('762905647512543', 5, 14, 5, 14999000, 1),
('762905647512544', 5, 14, 5, 14999000, 1),
('762905647512545', 5, 14, 5, 14999000, 1),
('762905647512546', 5, 14, 5, 14999000, 1),
('762905647512547', 5, 14, 5, 14999000, 1),
('762905647512548', 5, 14, 5, 14999000, 1),
('762905647512549', 5, 14, 5, 14999000, 1),
('762905647512550', 5, 14, 5, 14999000, 1),
('762905647512551', 5, 14, 5, 14999000, 1),
('762905647512552', 5, 14, 5, 14999000, 1),
('762905647512553', 5, 14, 5, 14999000, 1),
('762905647512554', 5, 14, 5, 14999000, 1),
('762905647512555', 5, 14, 5, 14999000, 1),
('762905647512556', 5, 14, 5, 14999000, 1),
('762905647512557', 5, 14, 5, 14999000, 1),
('762905647512558', 5, 14, 5, 14999000, 1),
('762905647512559', 5, 14, 5, 14999000, 1),
('762905647512560', 5, 14, 5, 14999000, 1),
('762905647512561', 5, 14, 5, 14999000, 1),
('762905647512562', 5, 14, 5, 14999000, 1),
('762905647512563', 5, 14, 5, 14999000, 1),
('762905647512564', 5, 14, 5, 14999000, 1),
('762905647512565', 5, 14, 5, 14999000, 1),
('762905647512566', 5, 14, 5, 14999000, 1),
('762905647512567', 5, 14, 5, 14999000, 1),
('762905647512568', 5, 14, 5, 14999000, 1),
('762905647512569', 5, 14, 5, 14999000, 1),
('762905647512570', 5, 14, 5, 14999000, 1),
('762905647512571', 5, 14, 5, 14999000, 1),
('762905647512572', 5, 14, 5, 14999000, 1),
('762905647512573', 5, 14, 5, 14999000, 1),
('762905647512574', 5, 14, 5, 14999000, 1),
('762905647512575', 5, 14, 5, 14999000, 1),
('762905647512576', 5, 14, 5, 14999000, 1),
('762905647512577', 5, 14, 5, 14999000, 1),
('762905647512578', 5, 14, 5, 14999000, 1),
('762905647512579', 5, 14, 5, 14999000, 1),
('762905647512580', 5, 14, 5, 14999000, 1),
('762905647512581', 5, 14, 5, 14999000, 1),
('762905647512582', 5, 14, 5, 14999000, 1),
('762905647512583', 5, 14, 5, 14999000, 1),
('762905647512584', 5, 14, 5, 14999000, 1),
('762905647512585', 5, 14, 5, 14999000, 1),
('762905647512586', 5, 14, 5, 14999000, 1),
('762905647512587', 5, 14, 5, 14999000, 1),
('762905647512588', 5, 14, 5, 14999000, 1),
('762905647512589', 5, 14, 5, 14999000, 1),
('762905647512590', 5, 14, 5, 14999000, 1),
('762905647512591', 5, 14, 5, 14999000, 1),
('762905647512592', 5, 14, 5, 14999000, 1),
('762905647512593', 5, 14, 5, 14999000, 1),
('762905647512594', 5, 14, 5, 14999000, 1),
('762905647512595', 5, 14, 5, 14999000, 1),
('762905647512596', 5, 14, 5, 14999000, 1),
('762905647512597', 5, 14, 5, 14999000, 1),
('762905647512598', 5, 14, 5, 14999000, 1),
('762905647512599', 5, 14, 5, 14999000, 1),
('762905647512600', 5, 14, 5, 14999000, 1),
('787917460082098', 4, 11, 5, 28990000, 1),
('787917460082099', 4, 11, 5, 28990000, 1),
('787917460082100', 4, 11, 5, 28990000, 1),
('787917460082101', 4, 11, 5, 28990000, 1),
('787917460082102', 4, 11, 5, 28990000, 1),
('787917460082103', 4, 11, 5, 28990000, 1),
('787917460082104', 4, 11, 5, 28990000, 1),
('787917460082105', 4, 11, 5, 28990000, 1),
('787917460082106', 4, 11, 5, 28990000, 1),
('787917460082107', 4, 11, 5, 28990000, 1),
('787917460082108', 4, 11, 5, 28990000, 1),
('787917460082109', 4, 11, 5, 28990000, 1),
('787917460082110', 4, 11, 5, 28990000, 1),
('787917460082111', 4, 11, 5, 28990000, 1),
('787917460082112', 4, 11, 5, 28990000, 1),
('787917460082113', 4, 11, 5, 28990000, 1),
('787917460082114', 4, 11, 5, 28990000, 1),
('787917460082115', 4, 11, 5, 28990000, 1),
('787917460082116', 4, 11, 5, 28990000, 1),
('787917460082117', 4, 11, 5, 28990000, 1),
('787917460082118', 4, 11, 5, 28990000, 1),
('787917460082119', 4, 11, 5, 28990000, 1),
('787917460082120', 4, 11, 5, 28990000, 1),
('787917460082121', 4, 11, 5, 28990000, 1),
('787917460082122', 4, 11, 5, 28990000, 1),
('787917460082123', 4, 11, 5, 28990000, 1),
('787917460082124', 4, 11, 5, 28990000, 1),
('787917460082125', 4, 11, 5, 28990000, 1),
('787917460082126', 4, 11, 5, 28990000, 1),
('789243213472465', 10, 29, 4, 15999000, 1),
('789243213472466', 10, 29, 4, 15999000, 1),
('789243213472467', 10, 29, 4, 15999000, 1),
('789243213472468', 10, 29, 4, 15999000, 1),
('789243213472469', 10, 29, 4, 15999000, 1),
('789243213472470', 10, 29, 4, 15999000, 0),
('789243213472471', 10, 29, 4, 15999000, 1),
('789243213472472', 10, 29, 4, 15999000, 1),
('789243213472473', 10, 29, 4, 15999000, 1),
('789243213472474', 10, 29, 4, 15999000, 1),
('789243213472475', 10, 29, 4, 15999000, 1),
('789243213472476', 10, 29, 4, 15999000, 1),
('789243213472477', 10, 29, 4, 15999000, 1),
('789243213472478', 10, 29, 4, 15999000, 1),
('789243213472479', 10, 29, 4, 15999000, 1),
('789243213472480', 10, 29, 4, 15999000, 1);
INSERT INTO `ctsanpham` (`imei`, `sanPham_id`, `pbSanPham_id`, `phieuNhap_id`, `giaNhap`, `trangThai`) VALUES
('789243213472481', 10, 29, 4, 15999000, 1),
('789243213472482', 10, 29, 4, 15999000, 1),
('789243213472483', 10, 29, 4, 15999000, 1),
('789243213472484', 10, 29, 4, 15999000, 1),
('789243213472485', 10, 29, 4, 15999000, 1),
('789243213472486', 10, 29, 4, 15999000, 1),
('789243213472487', 10, 29, 4, 15999000, 1),
('789243213472488', 10, 29, 4, 15999000, 1),
('789243213472489', 10, 29, 4, 15999000, 1),
('789243213472490', 10, 29, 4, 15999000, 1),
('789243213472491', 10, 29, 4, 15999000, 1),
('789243213472492', 10, 29, 4, 15999000, 1),
('823543213485465', 1, 2, 2, 27990000, 1),
('823543213485466', 1, 2, 2, 27990000, 1),
('823543213485467', 1, 2, 2, 27990000, 1),
('823543213485468', 1, 2, 2, 27990000, 1),
('823543213485469', 1, 2, 2, 27990000, 1),
('823543213485470', 1, 2, 2, 27990000, 1),
('823543213485471', 1, 2, 2, 27990000, 1),
('823543213485472', 1, 2, 2, 27990000, 1),
('823543213485473', 1, 2, 2, 27990000, 1),
('823543213485474', 1, 2, 2, 27990000, 1),
('823543213485475', 1, 2, 2, 27990000, 1),
('823543213485476', 1, 2, 2, 27990000, 1),
('823543213485477', 1, 2, 2, 27990000, 1),
('823543213485478', 1, 2, 2, 27990000, 1),
('823543213485479', 1, 2, 2, 27990000, 1),
('823543213485480', 1, 2, 2, 27990000, 1),
('823543213485481', 1, 2, 2, 27990000, 1),
('823543213485482', 1, 2, 2, 27990000, 1),
('823543213485483', 1, 2, 2, 27990000, 1),
('823543213485484', 1, 2, 2, 27990000, 1),
('823543213485485', 1, 2, 2, 27990000, 1),
('823543213485486', 1, 2, 2, 27990000, 1),
('823543213485487', 1, 2, 2, 27990000, 1),
('823543213485488', 1, 2, 2, 27990000, 1),
('823543213485489', 1, 2, 2, 27990000, 1),
('823543213485490', 1, 2, 2, 27990000, 1),
('823543213485491', 1, 2, 2, 27990000, 1),
('823543213485492', 1, 2, 2, 27990000, 1),
('823543213485493', 1, 2, 2, 27990000, 1),
('823543213485494', 1, 2, 2, 27990000, 1),
('823543213485495', 1, 2, 2, 27990000, 1),
('823543213485496', 1, 2, 2, 27990000, 1),
('823543213485497', 1, 2, 2, 27990000, 1),
('823543213485498', 1, 2, 2, 27990000, 1),
('823543213485499', 1, 2, 2, 27990000, 1),
('823543213485500', 1, 2, 2, 27990000, 1),
('823543213485501', 1, 2, 2, 27990000, 1),
('823543213485502', 1, 2, 2, 27990000, 1),
('823543213485503', 1, 2, 2, 27990000, 1),
('823543213485504', 1, 2, 2, 27990000, 1),
('823543213485505', 1, 2, 2, 27990000, 1),
('823543213485506', 1, 2, 2, 27990000, 1),
('823543213485507', 1, 2, 2, 27990000, 1),
('872313216352465', 2, 5, 4, 16599000, 1),
('872313216352466', 2, 5, 4, 16599000, 1),
('872313216352467', 2, 5, 4, 16599000, 1),
('872313216352468', 2, 5, 4, 16599000, 1),
('872313216352469', 2, 5, 4, 16599000, 1),
('872313216352470', 2, 5, 4, 16599000, 0),
('872313216352471', 2, 5, 4, 16599000, 1),
('872313216352472', 2, 5, 4, 16599000, 1),
('872313216352473', 2, 5, 4, 16599000, 1),
('872313216352474', 2, 5, 4, 16599000, 1),
('872313216352475', 2, 5, 4, 16599000, 1),
('872313216352476', 2, 5, 4, 16599000, 0),
('872313216352477', 2, 5, 4, 16599000, 1),
('872313216352478', 2, 5, 4, 16599000, 1),
('872313216352479', 2, 5, 4, 16599000, 1),
('872313216352480', 2, 5, 4, 16599000, 1),
('872313216352481', 2, 5, 4, 16599000, 1),
('872313216352482', 2, 5, 4, 16599000, 1),
('872313216352483', 2, 5, 4, 16599000, 1),
('872313216352484', 2, 5, 4, 16599000, 1),
('872313216352485', 2, 5, 4, 16599000, 1),
('872313216352486', 2, 5, 4, 16599000, 1),
('872313216352487', 2, 5, 4, 16599000, 1),
('872313216352488', 2, 5, 4, 16599000, 1),
('872313216352489', 2, 5, 4, 16599000, 1),
('872313216352490', 2, 5, 4, 16599000, 1),
('872313216352491', 2, 5, 4, 16599000, 1),
('872313216352492', 2, 5, 4, 16599000, 1),
('872313216352493', 2, 5, 4, 16599000, 1),
('872313216352494', 2, 5, 4, 16599000, 1),
('872313216352495', 2, 5, 4, 16599000, 1),
('872313216352496', 2, 5, 4, 16599000, 1),
('872313216352497', 2, 5, 4, 16599000, 1),
('872313216352498', 2, 5, 4, 16599000, 1),
('872313216352499', 2, 5, 4, 16599000, 1),
('872313216352500', 2, 5, 4, 16599000, 1),
('872313216352501', 2, 5, 4, 16599000, 1),
('872313216352502', 2, 5, 4, 16599000, 1),
('872313216352503', 2, 5, 4, 16599000, 1),
('872313216352504', 2, 5, 4, 16599000, 1),
('872313216352505', 2, 5, 4, 16599000, 1),
('872313216352506', 2, 5, 4, 16599000, 1),
('872313216352507', 2, 5, 4, 16599000, 1),
('872313216352508', 2, 5, 4, 16599000, 1),
('872313216352509', 2, 5, 4, 16599000, 1),
('872313216352510', 2, 5, 4, 16599000, 1),
('872313216352511', 2, 5, 4, 16599000, 1),
('872313216352512', 2, 5, 4, 16599000, 1),
('872313216352513', 2, 5, 4, 16599000, 1),
('872313216352514', 2, 5, 4, 16599000, 1),
('872313216352515', 2, 5, 4, 16599000, 1),
('872313216352516', 2, 5, 4, 16599000, 1),
('872313216352517', 2, 5, 4, 16599000, 1),
('872313216352518', 2, 5, 4, 16599000, 1),
('872313216352519', 2, 5, 4, 16599000, 1),
('872313216352520', 2, 5, 4, 16599000, 1),
('872313216352521', 2, 5, 4, 16599000, 1),
('872313216352522', 2, 5, 4, 16599000, 1),
('872313216352523', 2, 5, 4, 16599000, 1),
('872313216352524', 2, 5, 4, 16599000, 1),
('872313216352525', 2, 5, 4, 16599000, 1),
('872313216352526', 2, 5, 4, 16599000, 1),
('872313216352527', 2, 5, 4, 16599000, 1),
('872313216352528', 2, 5, 4, 16599000, 1),
('872313216352529', 2, 5, 4, 16599000, 1),
('872313216352530', 2, 5, 4, 16599000, 1),
('872313216352531', 2, 5, 4, 16599000, 1),
('872313216352532', 2, 5, 4, 16599000, 1),
('872313216352533', 2, 5, 4, 16599000, 1),
('872313216352534', 2, 5, 4, 16599000, 1),
('872313216352535', 2, 5, 4, 16599000, 1),
('872313216352536', 2, 5, 4, 16599000, 1),
('872313216352537', 2, 5, 4, 16599000, 1),
('872313216352538', 2, 5, 4, 16599000, 1),
('872313216352539', 2, 5, 4, 16599000, 1),
('877201486611738', 7, 20, 7, 11990000, 1),
('877201486611739', 7, 20, 7, 11990000, 1),
('877201486611740', 7, 20, 7, 11990000, 1),
('877201486611741', 7, 20, 7, 11990000, 1),
('877201486611742', 7, 20, 7, 11990000, 1),
('877201486611743', 7, 20, 7, 11990000, 1),
('877201486611744', 7, 20, 7, 11990000, 1),
('877201486611745', 7, 20, 7, 11990000, 1),
('877201486611746', 7, 20, 7, 11990000, 1),
('877201486611747', 7, 20, 7, 11990000, 1),
('877201486611748', 7, 20, 7, 11990000, 1),
('877201486611749', 7, 20, 7, 11990000, 1),
('877201486611750', 7, 20, 7, 11990000, 1),
('877201486611751', 7, 20, 7, 11990000, 1),
('877201486611752', 7, 20, 7, 11990000, 1),
('877201486611753', 7, 20, 7, 11990000, 1),
('877201486611754', 7, 20, 7, 11990000, 1),
('877201486611755', 7, 20, 7, 11990000, 1),
('877201486611756', 7, 20, 7, 11990000, 1),
('877201486611757', 7, 20, 7, 11990000, 1),
('877201486611758', 7, 20, 7, 11990000, 1),
('877201486611759', 7, 20, 7, 11990000, 1),
('877201486611760', 7, 20, 7, 11990000, 1),
('877201486611761', 7, 20, 7, 11990000, 1),
('877201486611762', 7, 20, 7, 11990000, 1),
('877201486611763', 7, 20, 7, 11990000, 1),
('877201486611764', 7, 20, 7, 11990000, 1),
('877201486611765', 7, 20, 7, 11990000, 1),
('877201486611766', 7, 20, 7, 11990000, 1),
('877201486611767', 7, 20, 7, 11990000, 1),
('877201486611768', 7, 20, 7, 11990000, 1),
('877201486611769', 7, 20, 7, 11990000, 1),
('877201486611770', 7, 20, 7, 11990000, 1),
('877201486611771', 7, 20, 7, 11990000, 1),
('877201486611772', 7, 20, 7, 11990000, 1),
('877201486611773', 7, 20, 7, 11990000, 1),
('877201486611774', 7, 20, 7, 11990000, 1),
('897877932060509', 10, 34, 10, 24990000, 1),
('897877932060510', 10, 34, 10, 24990000, 1),
('897877932060511', 10, 34, 10, 24990000, 1),
('897877932060512', 10, 34, 10, 24990000, 1),
('897877932060513', 10, 34, 10, 24990000, 1),
('897877932060514', 10, 34, 10, 24990000, 1),
('897877932060515', 10, 34, 10, 24990000, 1),
('897877932060516', 10, 34, 10, 24990000, 1),
('897877932060517', 10, 34, 10, 24990000, 1),
('897877932060518', 10, 34, 10, 24990000, 1),
('897877932060519', 10, 34, 10, 24990000, 1),
('897877932060520', 10, 34, 10, 24990000, 1),
('897877932060521', 10, 34, 10, 24990000, 1),
('897877932060522', 10, 34, 10, 24990000, 1),
('897877932060523', 10, 34, 10, 24990000, 1),
('897877932060524', 10, 34, 10, 24990000, 1),
('897877932060525', 10, 34, 10, 24990000, 1),
('897877932060526', 10, 34, 10, 24990000, 1),
('897877932060527', 10, 34, 10, 24990000, 1),
('897877932060528', 10, 34, 10, 24990000, 1),
('897877932060529', 10, 34, 10, 24990000, 1),
('897877932060530', 10, 34, 10, 24990000, 1),
('897877932060531', 10, 34, 10, 24990000, 1),
('897877932060532', 10, 34, 10, 24990000, 1),
('897877932060533', 10, 34, 10, 24990000, 1),
('897877932060534', 10, 34, 10, 24990000, 1),
('897877932060535', 10, 34, 10, 24990000, 1),
('897877932060536', 10, 34, 10, 24990000, 1),
('897877932060537', 10, 34, 10, 24990000, 1),
('897877932060538', 10, 34, 10, 24990000, 1),
('897877932060539', 10, 34, 10, 24990000, 1),
('897877932060540', 10, 34, 10, 24990000, 1),
('897877932060541', 10, 34, 10, 24990000, 1),
('897877932060542', 10, 34, 10, 24990000, 1),
('897877932060543', 10, 34, 10, 24990000, 1),
('897877932060544', 10, 34, 10, 24990000, 1),
('897877932060545', 10, 34, 10, 24990000, 1),
('897877932060546', 10, 34, 10, 24990000, 1),
('897877932060547', 10, 34, 10, 24990000, 1),
('897877932060548', 10, 34, 10, 24990000, 1),
('897877932060549', 10, 34, 10, 24990000, 1),
('912640931550413', 8, 22, 7, 15999000, 1),
('912640931550414', 8, 22, 7, 15999000, 1),
('912640931550415', 8, 22, 7, 15999000, 1),
('912640931550416', 8, 22, 7, 15999000, 1),
('912640931550417', 8, 22, 7, 15999000, 1),
('912640931550418', 8, 22, 7, 15999000, 1),
('912640931550419', 8, 22, 7, 15999000, 1),
('912640931550420', 8, 22, 7, 15999000, 1),
('912640931550421', 8, 22, 7, 15999000, 1),
('912640931550422', 8, 22, 7, 15999000, 1),
('912640931550423', 8, 22, 7, 15999000, 1),
('912640931550424', 8, 22, 7, 15999000, 1),
('912640931550425', 8, 22, 7, 15999000, 1),
('912640931550426', 8, 22, 7, 15999000, 1),
('912640931550427', 8, 22, 7, 15999000, 1),
('912640931550428', 8, 22, 7, 15999000, 1),
('912640931550429', 8, 22, 7, 15999000, 1),
('912640931550430', 8, 22, 7, 15999000, 1),
('912640931550431', 8, 22, 7, 15999000, 1),
('912640931550432', 8, 22, 7, 15999000, 1),
('912640931550433', 8, 22, 7, 15999000, 1),
('912640931550434', 8, 22, 7, 15999000, 1),
('912640931550435', 8, 22, 7, 15999000, 1),
('912640931550436', 8, 22, 7, 15999000, 1),
('912640931550437', 8, 22, 7, 15999000, 1),
('912640931550438', 8, 22, 7, 15999000, 1),
('912640931550439', 8, 22, 7, 15999000, 1),
('912640931550440', 8, 22, 7, 15999000, 1),
('912640931550441', 8, 22, 7, 15999000, 1),
('912640931550442', 8, 22, 7, 15999000, 1),
('912640931550443', 8, 22, 7, 15999000, 1),
('912640931550444', 8, 22, 7, 15999000, 1),
('912640931550445', 8, 22, 7, 15999000, 1),
('912640931550446', 8, 22, 7, 15999000, 1),
('912640931550447', 8, 22, 7, 15999000, 1),
('912640931550448', 8, 22, 7, 15999000, 1),
('912640931550449', 8, 22, 7, 15999000, 1),
('912640931550450', 8, 22, 7, 15999000, 1),
('912640931550451', 8, 22, 7, 15999000, 1),
('912640931550452', 8, 22, 7, 15999000, 1),
('996070447377860', 4, 12, 10, 23289000, 1),
('996070447377861', 4, 12, 10, 23289000, 1),
('996070447377862', 4, 12, 10, 23289000, 1),
('996070447377863', 4, 12, 10, 23289000, 1),
('996070447377864', 4, 12, 10, 23289000, 1),
('996070447377865', 4, 12, 10, 23289000, 1),
('996070447377866', 4, 12, 10, 23289000, 1),
('996070447377867', 4, 12, 10, 23289000, 1),
('996070447377868', 4, 12, 10, 23289000, 1),
('996070447377869', 4, 12, 10, 23289000, 1),
('996070447377870', 4, 12, 10, 23289000, 1),
('996070447377871', 4, 12, 10, 23289000, 1),
('996070447377872', 4, 12, 10, 23289000, 1),
('996070447377873', 4, 12, 10, 23289000, 1),
('996070447377874', 4, 12, 10, 23289000, 1),
('996070447377875', 4, 12, 10, 23289000, 1),
('996070447377876', 4, 12, 10, 23289000, 1),
('996070447377877', 4, 12, 10, 23289000, 1),
('996070447377878', 4, 12, 10, 23289000, 1),
('996070447377879', 4, 12, 10, 23289000, 1),
('996070447377880', 4, 12, 10, 23289000, 1),
('996070447377881', 4, 12, 10, 23289000, 1),
('996070447377882', 4, 12, 10, 23289000, 1),
('996070447377883', 4, 12, 10, 23289000, 1),
('996070447377884', 4, 12, 10, 23289000, 1),
('996070447377885', 4, 12, 10, 23289000, 1),
('996070447377886', 4, 12, 10, 23289000, 1),
('996070447377887', 4, 12, 10, 23289000, 1),
('996070447377888', 4, 12, 10, 23289000, 1),
('996070447377889', 4, 12, 10, 23289000, 1),
('996070447377890', 4, 12, 10, 23289000, 1),
('996070447377891', 4, 12, 10, 23289000, 1),
('996070447377892', 4, 12, 10, 23289000, 1),
('996070447377893', 4, 12, 10, 23289000, 1),
('996070447377894', 4, 12, 10, 23289000, 1),
('996070447377895', 4, 12, 10, 23289000, 1),
('996070447377896', 4, 12, 10, 23289000, 1),
('996070447377897', 4, 12, 10, 23289000, 1),
('996070447377898', 4, 12, 10, 23289000, 1),
('996070447377899', 4, 12, 10, 23289000, 1),
('996070447377900', 4, 12, 10, 23289000, 1),
('996070447377901', 4, 12, 10, 23289000, 1),
('996070447377902', 4, 12, 10, 23289000, 1),
('996070447377903', 4, 12, 10, 23289000, 1),
('996070447377904', 4, 12, 10, 23289000, 1),
('996070447377905', 4, 12, 10, 23289000, 1),
('996070447377906', 4, 12, 10, 23289000, 1),
('996070447377907', 4, 12, 10, 23289000, 1),
('996070447377908', 4, 12, 10, 23289000, 1),
('996070447377909', 4, 12, 10, 23289000, 1),
('996070447377910', 4, 12, 10, 23289000, 1),
('996070447377911', 4, 12, 10, 23289000, 1),
('996070447377912', 4, 12, 10, 23289000, 1),
('996070447377913', 4, 12, 10, 23289000, 1),
('996070447377914', 4, 12, 10, 23289000, 1);

-- --------------------------------------------------------

--
-- Table structure for table `hoadon`
--

CREATE TABLE `hoadon` (
  `id` int(11) NOT NULL,
  `khacHang_id` int(11) DEFAULT NULL,
  `nhanVien_id` int(11) DEFAULT NULL,
  `khuyenMai_id` int(11) DEFAULT NULL,
  `ngayXuat` datetime DEFAULT NULL,
  `tongTien` int(11) DEFAULT NULL,
  `trangthai` int(11) NOT NULL DEFAULT 1
) ENGINE=InnoDB DEFAULT CHARSET=utf8mb4 COLLATE=utf8mb4_general_ci;

--
-- Dumping data for table `hoadon`
--

INSERT INTO `hoadon` (`id`, `khacHang_id`, `nhanVien_id`, `khuyenMai_id`, `ngayXuat`, `tongTien`, `trangthai`) VALUES
(1, 1, 1, 1, '2024-09-18 09:54:31', 25837900, 1),
(2, 2, 1, 1, '2024-09-18 09:54:50', 26607900, 1),
(3, 3, 1, 1, '2024-09-18 09:55:01', 18258900, 1),
(4, 4, 1, 1, '2024-09-18 09:55:11', 7689000, 1);

-- --------------------------------------------------------

--
-- Table structure for table `khachhang`
--

CREATE TABLE `khachhang` (
  `id` int(11) NOT NULL,
  `ho` varchar(255) DEFAULT NULL,
  `ten` varchar(255) DEFAULT NULL,
  `diaChi` varchar(255) DEFAULT NULL,
  `soDienThoai` varchar(255) DEFAULT NULL,
  `ngaythamgia` datetime DEFAULT NULL,
  `trangThai` int(11) DEFAULT 1
) ENGINE=InnoDB DEFAULT CHARSET=utf8mb4 COLLATE=utf8mb4_general_ci;

--
-- Dumping data for table `khachhang`
--

INSERT INTO `khachhang` (`id`, `ho`, `ten`, `diaChi`, `soDienThoai`, `ngaythamgia`, `trangThai`) VALUES
(1, 'Nguyễn Văn', 'Mười', NULL, '0962991478', '2024-09-18 09:48:25', 1),
(2, 'Đỗ Văn', 'Thừa', NULL, '0938323125', '2024-07-21 09:49:33', 1),
(3, 'Huỳnh Đức', 'Trung', NULL, '0938974199', '2024-07-21 09:50:50', 1),
(4, 'Bùi Hoàng', 'Long', NULL, '093863748', '2024-07-21 09:51:21', 1);

-- --------------------------------------------------------

--
-- Table structure for table `khuyenmai`
--

CREATE TABLE `khuyenmai` (
  `id` int(11) NOT NULL,
  `ten` varchar(50) NOT NULL,
  `tiLe` float DEFAULT NULL,
  `sanPham_id` int(11) DEFAULT NULL,
  `dieuKien` int(11) DEFAULT NULL,
  `trangthai` int(11) DEFAULT NULL
) ENGINE=InnoDB DEFAULT CHARSET=utf8mb4 COLLATE=utf8mb4_general_ci;

--
-- Dumping data for table `khuyenmai`
--

INSERT INTO `khuyenmai` (`id`, `ten`, `tiLe`, `sanPham_id`, `dieuKien`, `trangthai`) VALUES
(1, 'Không khuyến mãi', 0, NULL, 0, 1);

-- --------------------------------------------------------

--
-- Table structure for table `nhacungcap`
--

CREATE TABLE `nhacungcap` (
  `id` int(11) NOT NULL,
  `ten` varchar(255) DEFAULT NULL,
  `diaChi` varchar(255) DEFAULT NULL,
  `soDienThoai` varchar(255) DEFAULT NULL,
  `email` varchar(255) DEFAULT NULL,
  `trangThai` int(11) DEFAULT 1
) ENGINE=InnoDB DEFAULT CHARSET=utf8mb4 COLLATE=utf8mb4_general_ci;

--
-- Dumping data for table `nhacungcap`
--

INSERT INTO `nhacungcap` (`id`, `ten`, `diaChi`, `soDienThoai`, `email`, `trangThai`) VALUES
(1, 'Công Ty TNHH Thế Giới Di Động', 'Phòng 6.5, Tầng6, Tòa Nhà E. Town 2, 364 Cộng Hòa, P. 13, Q. Tân Bình, Tp. Hồ Chí Minh', '2835100100', 'lienhe@thegioididong.com', 1),
(2, 'Công ty TNHH Thương Mại Công Nghệ Bạch Long', '134 Trần Phú, phường 4, quận 5, Tp. Hồ Chí Minh', '869287135', 'marketing@bachlongmobile.com', 1),
(3, 'Viễn Thông Đức Huy', '187A Đường 3/2, P. 11, Q. 10, Tp. Hồ Chí Minh', '971151515', 'duchuymobile2011@gmail.com', 1);

-- --------------------------------------------------------

--
-- Table structure for table `nhanvien`
--

CREATE TABLE `nhanvien` (
  `id` int(11) NOT NULL,
  `ho` varchar(255) DEFAULT NULL,
  `ten` varchar(255) DEFAULT NULL,
  `gioiTinh` varchar(255) DEFAULT NULL,
  `soDienThoai` varchar(255) DEFAULT NULL,
  `email` varchar(255) DEFAULT NULL,
  `trangThai` int(11) DEFAULT 1
) ENGINE=InnoDB DEFAULT CHARSET=utf8mb4 COLLATE=utf8mb4_general_ci;

--
-- Dumping data for table `nhanvien`
--

INSERT INTO `nhanvien` (`id`, `ho`, `ten`, `gioiTinh`, `soDienThoai`, `email`, `trangThai`) VALUES
(1, 'Trần Đức', 'Em', 'Nam', '374126105', '3122410091@sv.sgu.edu.vn', 1),
(2, 'Trầm Quang', 'Dũng', 'Nam', '324879561', '3122410054@sv.sgu.edu.vn', 1),
(3, 'Hoàng', 'Dũng', 'Nam', '879456213', '3122410052@sv.sgu.edu.vn', 1),
(4, 'Đoàn Minh', 'Đức', 'Nam', '546798123', '3122410084@sv.sgu.edu.vn', 1);

-- --------------------------------------------------------

--
-- Table structure for table `pbsanpham`
--

CREATE TABLE `pbsanpham` (
  `id` int(11) NOT NULL,
  `sanPham_id` int(11) DEFAULT NULL,
  `ram` int(11) DEFAULT NULL,
  `rom` int(11) DEFAULT NULL,
  `mau` varchar(255) DEFAULT NULL,
  `soLuong` int(11) DEFAULT 0,
  `trangThai` int(11) DEFAULT 1
) ENGINE=InnoDB DEFAULT CHARSET=utf8mb4 COLLATE=utf8mb4_general_ci;

--
-- Dumping data for table `pbsanpham`
--

INSERT INTO `pbsanpham` (`id`, `sanPham_id`, `ram`, `rom`, `mau`, `soLuong`, `trangThai`) VALUES
(1, 1, 6, 128, 'Đen', 23, 1),
(2, 1, 6, 256, 'Đen', 22, 1),
(3, 1, 6, 512, 'Đen', 30, 1),
(4, 2, 6, 128, 'Đen', 52, 1),
(5, 2, 6, 256, 'Đen', 73, 1),
(6, 2, 6, 512, 'Đen', 38, 1),
(7, 3, 8, 128, 'Titan đen', 45, 1),
(8, 3, 8, 256, 'Titan đen', 42, 1),
(9, 3, 8, 512, 'Titan đen', 62, 1),
(10, 4, 8, 256, 'Titan xanh', 32, 1),
(11, 4, 8, 512, 'Titan xanh', 29, 1),
(12, 4, 8, 512, 'Titan đen', 55, 1),
(13, 5, 12, 256, 'Trắng', 76, 1),
(14, 5, 12, 256, 'Đen', 76, 1),
(15, 6, 8, 128, 'Xanh lá', 42, 1),
(16, 6, 8, 128, 'Vàng', 31, 1),
(17, 6, 8, 128, 'Đen', 47, 1),
(18, 6, 8, 256, 'Đen', 31, 1),
(19, 7, 8, 128, 'Xanh lá', 23, 1),
(20, 7, 8, 128, 'Xanh dương', 37, 1),
(21, 7, 8, 256, 'Tím', 16, 1),
(22, 8, 8, 256, 'Tím', 40, 1),
(23, 8, 8, 256, 'Xanh', 62, 1),
(24, 8, 8, 256, 'Đen', 52, 1),
(25, 9, 8, 256, 'Đen', 56, 1),
(26, 9, 8, 256, 'Tím', 27, 1),
(27, 9, 8, 256, 'Trắng', 30, 1),
(28, 10, 8, 256, 'Vàng', 48, 1),
(29, 10, 8, 256, 'Xám', 27, 1),
(30, 10, 8, 256, 'Đen', 45, 1),
(31, 10, 8, 256, 'Tím', 43, 1),
(32, 10, 8, 512, 'Vàng', 51, 1),
(33, 10, 8, 512, 'Đen', 42, 1),
(34, 10, 8, 512, 'Xám', 41, 1),
(35, 10, 8, 512, 'Tím', 28, 1);

-- --------------------------------------------------------

--
-- Table structure for table `phieunhap`
--

CREATE TABLE `phieunhap` (
  `id` int(11) NOT NULL,
  `nhaCungCap_id` int(11) DEFAULT NULL,
  `nhanVien_id` int(11) DEFAULT NULL,
  `ngayNhap` datetime DEFAULT NULL,
  `tongTien` bigint(19) DEFAULT NULL,
  `trangthai` int(11) NOT NULL DEFAULT 1
) ENGINE=InnoDB DEFAULT CHARSET=utf8mb4 COLLATE=utf8mb4_general_ci;

--
-- Dumping data for table `phieunhap`
--

INSERT INTO `phieunhap` (`id`, `nhaCungCap_id`, `nhanVien_id`, `ngayNhap`, `tongTien`, `trangthai`) VALUES
(1, 1, 1, '2023-07-21 06:59:57', 639377000, 1),
(2, 1, 1, '2023-07-21 07:03:01', 2073540000, 1),
(3, 1, 1, '2023-02-21 08:36:12', 1359945000, 1),
(4, 1, 1, '2024-09-18 08:54:01', 3512847000, 1),
(5, 2, 1, '2024-10-03 21:04:48', 2547352000, 1),
(6, 1, 1, '2024-03-07 21:13:15', 4805098000, 1),
(7, 3, 1, '2024-05-23 09:19:06', 1291430000, 1),
(8, 3, 1, '2024-04-19 00:43:53', 5634372000, 1),
(9, 2, 1, '2024-04-19 00:47:40', 3636600000, 1),
(10, 2, 1, '2024-04-19 00:50:58', 2525965000, 1),
(11, 1, 1, '2024-04-19 00:54:02', 2852089000, 1),
(12, 3, 1, '2024-07-08 19:05:40', 213590000, 1);

-- --------------------------------------------------------

--
-- Table structure for table `quyen`
--

CREATE TABLE `quyen` (
  `id` int(11) NOT NULL,
  `ten` varchar(255) DEFAULT NULL,
  `trangThai` int(11) DEFAULT 1
) ENGINE=InnoDB DEFAULT CHARSET=utf8mb4 COLLATE=utf8mb4_general_ci;

--
-- Dumping data for table `quyen`
--

INSERT INTO `quyen` (`id`, `ten`, `trangThai`) VALUES
(1, 'Quản lý', 1),
(2, 'Nhân viên nhập hàng', 1),
(3, 'Nhân viên bán hàng', 1);

-- --------------------------------------------------------

--
-- Table structure for table `sanpham`
--

CREATE TABLE `sanpham` (
  `id` int(11) NOT NULL,
  `ten` varchar(255) DEFAULT NULL,
  `hinhAnh` varchar(255) DEFAULT NULL,
  `kichThuocMan` float DEFAULT NULL,
  `cameraSau` varchar(255) DEFAULT NULL,
  `cameraTruoc` varchar(255) DEFAULT NULL,
  `chipXuLy` varchar(255) DEFAULT NULL,
  `heDieuHanh` varchar(255) DEFAULT NULL,
  `dungLuongPin` int(11) DEFAULT NULL,
  `thuongHieu_id` int(11) DEFAULT NULL,
  `trangThai` int(11) DEFAULT 1
) ENGINE=InnoDB DEFAULT CHARSET=utf8mb4 COLLATE=utf8mb4_general_ci;

--
-- Dumping data for table `sanpham`
--

INSERT INTO `sanpham` (`id`, `ten`, `hinhAnh`, `kichThuocMan`, `cameraSau`, `cameraTruoc`, `chipXuLy`, `heDieuHanh`, `dungLuongPin`, `thuongHieu_id`, `trangThai`) VALUES
(1, 'iPhone 15', '38143iphone15.jpg', 6.1, '12 MP', 'Chính 48 MP & Phụ 12 MP', 'Apple A16', 'iOS', 3349, 1, 1),
(2, 'iPhone 15 Plus', '359iphone15plus.jpg', 6.7, '12 MP', 'Chính 48 MP & Phụ 12 MP', 'Apple A18 Bionic', 'iOS', 4838, 1, 1),
(3, 'iPhone 15 Pro', '754iphone15pro.jpg', 6.1, 'Chính 48 MP & Phụ 12 MP', '12 MP', 'Apple A17 Pro', 'iOS', 3274, 1, 1),
(4, 'iPhone 15 Pro Max', '364iphone15promax.jpg', 6.7, '12 MP', 'Chính 48 MP & Phụ 12 MP', 'Apple A17 Pro', 'iOS', 4422, 1, 1),
(5, 'Xiaomi 14 5G', '699283xiaomi14.jpg', 6.36, 'Chính 50 MP & Phụ 50 MP', '32 MP', 'Snapdragon 8 Gen 3', 'Android', 4610, 3, 1),
(6, 'Xiaomi Redmi Note 13', '462redminote13.jpg', 5000, 'Chính 108 MP & Phụ 8 MP', '16 MP', 'Snapdragon 685', 'Android', 5000, 3, 1),
(7, 'Xiaomi Redmi Note 13 Pro', '428redminote13pro.jpg', 6.67, 'Chính 200 MP & Phụ 8 MP', '16 MP', 'Media Tek Hello G99-Ultra', 'Android', 5000, 3, 1),
(8, 'Xiaomi Redmi Note 13 Pro 5G', '110181xiaomi-redmi-note-13-pro-5g-violet-thumb-600x600.jpg', 6.67, 'Chính 200 MP & Phụ 8 MP', '16 MP', 'Snapdragon 7s Gen 2 8 nhân', 'Android', 5100, 3, 1),
(9, 'Xiaomi Redmi note 13 Pro+ 5G', '22681xiaomi-redmi-note-13-pro-plus-black-thumb-600x600.jpg', 6.67, 'Chính 200 MP & Phụ 8 MP', '16 MP', 'MediaTek Dmensity 7200 Ultra', 'Android', 5000, 3, 1),
(10, 'Samsung Galaxy S24 5G', '581296samsung-galaxy-s24-yellow-thumb-600x600.jpg', 6.2, 'Chính 50 MP & Phụ 12 MP, 12 MP', '12 MP', 'Exynos 2400', 'Android', 4000, 2, 1);

-- --------------------------------------------------------

--
-- Table structure for table `taikhoan`
--

CREATE TABLE `taikhoan` (
  `id` int(11) NOT NULL,
  `nhanVien_id` int(11) DEFAULT NULL,
  `quyen_id` int(11) DEFAULT NULL,
  `tenTaiKhoan` varchar(255) DEFAULT NULL,
  `matKhau` varchar(255) DEFAULT NULL,
  `trangThai` int(11) DEFAULT 1
) ENGINE=InnoDB DEFAULT CHARSET=utf8mb4 COLLATE=utf8mb4_general_ci;

--
-- Dumping data for table `taikhoan`
--

INSERT INTO `taikhoan` (`id`, `nhanVien_id`, `quyen_id`, `tenTaiKhoan`, `matKhau`, `trangThai`) VALUES
(1, 1, 1, 'ducem', '123456', 1),
(2, 2, 2, 'dead', '123456', 1),
(3, 3, 3, 'dungdia', '123456', 1);

-- --------------------------------------------------------

--
-- Table structure for table `thuonghieu`
--

CREATE TABLE `thuonghieu` (
  `id` int(11) NOT NULL,
  `ten` varchar(255) DEFAULT NULL
) ENGINE=InnoDB DEFAULT CHARSET=utf8mb4 COLLATE=utf8mb4_general_ci;

--
-- Dumping data for table `thuonghieu`
--

INSERT INTO `thuonghieu` (`id`, `ten`) VALUES
(1, 'Apple'),
(2, 'Samsung'),
(3, 'Xiaomi');

--
-- Indexes for dumped tables
--

--
-- Indexes for table `baohanh`
--
ALTER TABLE `baohanh`
  ADD PRIMARY KEY (`id`);

--
-- Indexes for table `chucnang`
--
ALTER TABLE `chucnang`
  ADD PRIMARY KEY (`id`);

--
-- Indexes for table `ctbaohanh`
--
ALTER TABLE `ctbaohanh`
  ADD PRIMARY KEY (`id`),
  ADD KEY `baoHanh_id` (`baoHanh_id`),
  ADD KEY `hoaDon_id` (`hoaDon_id`),
  ADD KEY `imei_sanPham` (`imei_sanPham`);

--
-- Indexes for table `cthoadon`
--
ALTER TABLE `cthoadon`
  ADD PRIMARY KEY (`hoaDon_id`,`imei`),
  ADD KEY `imei` (`imei`);

--
-- Indexes for table `ctphieunhap`
--
ALTER TABLE `ctphieunhap`
  ADD PRIMARY KEY (`phieuNhap_id`,`pbsanPham_id`),
  ADD KEY `pbsanPham_id` (`pbsanPham_id`);

--
-- Indexes for table `ctquyen`
--
ALTER TABLE `ctquyen`
  ADD PRIMARY KEY (`quyen_id`,`chucNang_id`,`hanhDong`),
  ADD KEY `chucNang_id` (`chucNang_id`);

--
-- Indexes for table `ctsanpham`
--
ALTER TABLE `ctsanpham`
  ADD PRIMARY KEY (`imei`),
  ADD KEY `sanPham_id` (`sanPham_id`),
  ADD KEY `pbSanPham_id` (`pbSanPham_id`),
  ADD KEY `phieuNhap_id` (`phieuNhap_id`);

--
-- Indexes for table `hoadon`
--
ALTER TABLE `hoadon`
  ADD PRIMARY KEY (`id`),
  ADD KEY `khacHang_id` (`khacHang_id`),
  ADD KEY `nhanVien_id` (`nhanVien_id`),
  ADD KEY `khuyenMai_id` (`khuyenMai_id`);

--
-- Indexes for table `khachhang`
--
ALTER TABLE `khachhang`
  ADD PRIMARY KEY (`id`);

--
-- Indexes for table `khuyenmai`
--
ALTER TABLE `khuyenmai`
  ADD PRIMARY KEY (`id`),
  ADD KEY `pbSanPham_id` (`sanPham_id`);

--
-- Indexes for table `nhacungcap`
--
ALTER TABLE `nhacungcap`
  ADD PRIMARY KEY (`id`);

--
-- Indexes for table `nhanvien`
--
ALTER TABLE `nhanvien`
  ADD PRIMARY KEY (`id`);

--
-- Indexes for table `pbsanpham`
--
ALTER TABLE `pbsanpham`
  ADD PRIMARY KEY (`id`),
  ADD KEY `sanPham_id` (`sanPham_id`);

--
-- Indexes for table `phieunhap`
--
ALTER TABLE `phieunhap`
  ADD PRIMARY KEY (`id`),
  ADD KEY `nhaCungCap_id` (`nhaCungCap_id`),
  ADD KEY `nhanVien_id` (`nhanVien_id`);

--
-- Indexes for table `quyen`
--
ALTER TABLE `quyen`
  ADD PRIMARY KEY (`id`);

--
-- Indexes for table `sanpham`
--
ALTER TABLE `sanpham`
  ADD PRIMARY KEY (`id`),
  ADD KEY `thuongHieu_id` (`thuongHieu_id`);

--
-- Indexes for table `taikhoan`
--
ALTER TABLE `taikhoan`
  ADD PRIMARY KEY (`id`),
  ADD KEY `nhanVien_id` (`nhanVien_id`),
  ADD KEY `quyen_id` (`quyen_id`);

--
-- Indexes for table `thuonghieu`
--
ALTER TABLE `thuonghieu`
  ADD PRIMARY KEY (`id`);

--
-- AUTO_INCREMENT for dumped tables
--

--
-- AUTO_INCREMENT for table `baohanh`
--
ALTER TABLE `baohanh`
  MODIFY `id` int(11) NOT NULL AUTO_INCREMENT, AUTO_INCREMENT=3;

--
-- AUTO_INCREMENT for table `chucnang`
--
ALTER TABLE `chucnang`
  MODIFY `id` int(11) NOT NULL AUTO_INCREMENT, AUTO_INCREMENT=11;

--
-- AUTO_INCREMENT for table `ctbaohanh`
--
ALTER TABLE `ctbaohanh`
  MODIFY `id` int(11) NOT NULL AUTO_INCREMENT, AUTO_INCREMENT=7;

--
-- AUTO_INCREMENT for table `hoadon`
--
ALTER TABLE `hoadon`
  MODIFY `id` int(11) NOT NULL AUTO_INCREMENT, AUTO_INCREMENT=5;

--
-- AUTO_INCREMENT for table `khachhang`
--
ALTER TABLE `khachhang`
  MODIFY `id` int(11) NOT NULL AUTO_INCREMENT, AUTO_INCREMENT=5;

--
-- AUTO_INCREMENT for table `khuyenmai`
--
ALTER TABLE `khuyenmai`
  MODIFY `id` int(11) NOT NULL AUTO_INCREMENT, AUTO_INCREMENT=2;

--
-- AUTO_INCREMENT for table `nhacungcap`
--
ALTER TABLE `nhacungcap`
  MODIFY `id` int(11) NOT NULL AUTO_INCREMENT, AUTO_INCREMENT=4;

--
-- AUTO_INCREMENT for table `nhanvien`
--
ALTER TABLE `nhanvien`
  MODIFY `id` int(11) NOT NULL AUTO_INCREMENT, AUTO_INCREMENT=5;

--
-- AUTO_INCREMENT for table `pbsanpham`
--
ALTER TABLE `pbsanpham`
  MODIFY `id` int(11) NOT NULL AUTO_INCREMENT, AUTO_INCREMENT=36;

--
-- AUTO_INCREMENT for table `phieunhap`
--
ALTER TABLE `phieunhap`
  MODIFY `id` int(11) NOT NULL AUTO_INCREMENT, AUTO_INCREMENT=13;

--
-- AUTO_INCREMENT for table `quyen`
--
ALTER TABLE `quyen`
  MODIFY `id` int(11) NOT NULL AUTO_INCREMENT, AUTO_INCREMENT=4;

--
-- AUTO_INCREMENT for table `sanpham`
--
ALTER TABLE `sanpham`
  MODIFY `id` int(11) NOT NULL AUTO_INCREMENT, AUTO_INCREMENT=11;

--
-- AUTO_INCREMENT for table `taikhoan`
--
ALTER TABLE `taikhoan`
  MODIFY `id` int(11) NOT NULL AUTO_INCREMENT, AUTO_INCREMENT=4;

--
-- AUTO_INCREMENT for table `thuonghieu`
--
ALTER TABLE `thuonghieu`
  MODIFY `id` int(11) NOT NULL AUTO_INCREMENT, AUTO_INCREMENT=4;

--
-- Constraints for dumped tables
--

--
-- Constraints for table `ctbaohanh`
--
ALTER TABLE `ctbaohanh`
  ADD CONSTRAINT `ctbaohanh_ibfk_1` FOREIGN KEY (`baoHanh_id`) REFERENCES `baohanh` (`id`),
  ADD CONSTRAINT `ctbaohanh_ibfk_2` FOREIGN KEY (`hoaDon_id`) REFERENCES `hoadon` (`id`),
  ADD CONSTRAINT `ctbaohanh_ibfk_3` FOREIGN KEY (`imei_sanPham`) REFERENCES `ctsanpham` (`imei`);

--
-- Constraints for table `cthoadon`
--
ALTER TABLE `cthoadon`
  ADD CONSTRAINT `cthoadon_ibfk_1` FOREIGN KEY (`hoaDon_id`) REFERENCES `hoadon` (`id`),
  ADD CONSTRAINT `cthoadon_ibfk_2` FOREIGN KEY (`imei`) REFERENCES `ctsanpham` (`imei`);

--
-- Constraints for table `ctphieunhap`
--
ALTER TABLE `ctphieunhap`
  ADD CONSTRAINT `ctphieunhap_ibfk_1` FOREIGN KEY (`phieuNhap_id`) REFERENCES `phieunhap` (`id`),
  ADD CONSTRAINT `ctphieunhap_ibfk_2` FOREIGN KEY (`pbsanPham_id`) REFERENCES `pbsanpham` (`id`);

--
-- Constraints for table `ctquyen`
--
ALTER TABLE `ctquyen`
  ADD CONSTRAINT `ctquyen_ibfk_1` FOREIGN KEY (`chucNang_id`) REFERENCES `chucnang` (`id`),
  ADD CONSTRAINT `ctquyen_ibfk_2` FOREIGN KEY (`quyen_id`) REFERENCES `quyen` (`id`);

--
-- Constraints for table `ctsanpham`
--
ALTER TABLE `ctsanpham`
  ADD CONSTRAINT `ctsanpham_ibfk_1` FOREIGN KEY (`sanPham_id`) REFERENCES `sanpham` (`id`),
  ADD CONSTRAINT `ctsanpham_ibfk_2` FOREIGN KEY (`pbSanPham_id`) REFERENCES `pbsanpham` (`id`),
  ADD CONSTRAINT `ctsanpham_ibfk_3` FOREIGN KEY (`phieuNhap_id`) REFERENCES `phieunhap` (`id`);

--
-- Constraints for table `hoadon`
--
ALTER TABLE `hoadon`
  ADD CONSTRAINT `hoadon_ibfk_1` FOREIGN KEY (`khacHang_id`) REFERENCES `khachhang` (`id`),
  ADD CONSTRAINT `hoadon_ibfk_2` FOREIGN KEY (`nhanVien_id`) REFERENCES `nhanvien` (`id`),
  ADD CONSTRAINT `hoadon_ibfk_3` FOREIGN KEY (`khuyenMai_id`) REFERENCES `khuyenmai` (`id`);

--
-- Constraints for table `khuyenmai`
--
ALTER TABLE `khuyenmai`
  ADD CONSTRAINT `khuyenmai_ibfk_1` FOREIGN KEY (`sanPham_id`) REFERENCES `pbsanpham` (`id`);

--
-- Constraints for table `pbsanpham`
--
ALTER TABLE `pbsanpham`
  ADD CONSTRAINT `pbsanpham_ibfk_1` FOREIGN KEY (`sanPham_id`) REFERENCES `sanpham` (`id`);

--
-- Constraints for table `phieunhap`
--
ALTER TABLE `phieunhap`
  ADD CONSTRAINT `phieunhap_ibfk_1` FOREIGN KEY (`nhaCungCap_id`) REFERENCES `nhacungcap` (`id`),
  ADD CONSTRAINT `phieunhap_ibfk_2` FOREIGN KEY (`nhanVien_id`) REFERENCES `nhanvien` (`id`);

--
-- Constraints for table `sanpham`
--
ALTER TABLE `sanpham`
  ADD CONSTRAINT `sanpham_ibfk_1` FOREIGN KEY (`thuongHieu_id`) REFERENCES `thuonghieu` (`id`);

--
-- Constraints for table `taikhoan`
--
ALTER TABLE `taikhoan`
  ADD CONSTRAINT `taikhoan_ibfk_1` FOREIGN KEY (`nhanVien_id`) REFERENCES `nhanvien` (`id`),
  ADD CONSTRAINT `taikhoan_ibfk_2` FOREIGN KEY (`quyen_id`) REFERENCES `quyen` (`id`);
COMMIT;

/*!40101 SET CHARACTER_SET_CLIENT=@OLD_CHARACTER_SET_CLIENT */;
/*!40101 SET CHARACTER_SET_RESULTS=@OLD_CHARACTER_SET_RESULTS */;
/*!40101 SET COLLATION_CONNECTION=@OLD_COLLATION_CONNECTION */;
