-- phpMyAdmin SQL Dump
-- version 5.2.1
-- https://www.phpmyadmin.net/
--
-- Host: 127.0.0.1
-- Generation Time: Sep 18, 2024 at 10:18 AM
-- Server version: 10.4.32-MariaDB
-- PHP Version: 8.2.12

SET SQL_MODE = "NO_AUTO_VALUE_ON_ZERO";
START TRANSACTION;
SET time_zone = "+00:00";


/*!40101 SET @OLD_CHARACTER_SET_CLIENT=@@CHARACTER_SET_CLIENT */;
/*!40101 SET @OLD_CHARACTER_SET_RESULTS=@@CHARACTER_SET_RESULTS */;
/*!40101 SET @OLD_COLLATION_CONNECTION=@@COLLATION_CONNECTION */;
/*!40101 SET NAMES utf8mb4 */;

--
-- Database: `cuahangdienthoai`
--

-- --------------------------------------------------------

--
-- Table structure for table `baohanh`
--

CREATE TABLE `baohanh` (
  `id` int(11) NOT NULL,
  `soThang` int(11) DEFAULT NULL,
  `trangthai` int(11) NOT NULL DEFAULT 1
) ENGINE=InnoDB DEFAULT CHARSET=utf8mb4 COLLATE=utf8mb4_general_ci;

--
-- Dumping data for table `baohanh`
--

INSERT INTO `baohanh` (`id`, `soThang`, `trangthai`) VALUES
(1, 12, 1),
(2, 24, 1),
(3, 36, 1),
(4, 6, 1),
(5, 8, 1);

-- --------------------------------------------------------

--
-- Table structure for table `chucnang`
--

CREATE TABLE `chucnang` (
  `id` int(11) NOT NULL,
  `ten` varchar(255) DEFAULT NULL
) ENGINE=InnoDB DEFAULT CHARSET=utf8mb4 COLLATE=utf8mb4_general_ci;

--
-- Dumping data for table `chucnang`
--

INSERT INTO `chucnang` (`id`, `ten`) VALUES
(1, 'Sản phẩm'),
(2, 'Phiếu nhập'),
(3, 'Hóa đơn'),
(4, 'Khách hàng'),
(5, 'Nhân viên'),
(6, 'Nhà cung cấp'),
(7, 'Phân quyền'),
(8, 'Thống kê'),
(9, 'Tài khoản');

-- --------------------------------------------------------

--
-- Table structure for table `ctbaohanh`
--

CREATE TABLE `ctbaohanh` (
  `id` int(11) NOT NULL,
  `baoHanh_id` int(11) DEFAULT NULL,
  `hoaDon_id` int(11) DEFAULT NULL,
  `imei_sanPham` varchar(255) DEFAULT NULL,
  `ngayKetThuc` datetime DEFAULT NULL
) ENGINE=InnoDB DEFAULT CHARSET=utf8mb4 COLLATE=utf8mb4_general_ci;

--
-- Dumping data for table `ctbaohanh`
--

INSERT INTO `ctbaohanh` (`id`, `baoHanh_id`, `hoaDon_id`, `imei_sanPham`, `ngayKetThuc`) VALUES
(1, 1, 1, '254136897545901', '2025-09-15 14:35:30'),
(2, 1, 2, '254136897545906', '2025-09-18 10:38:11'),
(3, 1, 3, '634528954658800', '2025-09-18 13:27:05'),
(4, 1, 4, '145668976975659', '2025-09-18 13:27:13'),
(5, 1, 5, '254136897545907', '2025-09-18 13:27:28'),
(6, 1, 6, '784526489487952', '2025-09-18 13:28:54'),
(7, 1, 7, '346251579465624', '2025-09-18 13:42:31'),
(8, 1, 8, '958494649989595', '2025-09-18 13:42:46'),
(9, 1, 9, '314656264879549', '2025-09-18 13:43:24'),
(10, 1, 10, '794653154647894', '2025-09-18 13:46:35'),
(11, 1, 11, '794653154647895', '2025-09-18 13:47:16'),
(12, 1, 11, '865326546523661', '2025-09-18 13:47:22'),
(13, 1, 12, '547923149487591', '2025-09-18 14:55:36'),
(14, 1, 12, '756423615489568', '2025-09-18 14:55:48'),
(15, 1, 12, '254136897545896', '2025-09-18 14:55:55'),
(16, 1, 12, '478562314979873', '2025-09-18 14:56:01'),
(17, 1, 13, '485623149784626', '2025-09-18 14:56:39'),
(18, 1, 13, '349164879463259', '2025-09-18 14:56:42'),
(19, 1, 13, '781623489561488', '2025-09-18 14:56:46'),
(20, 1, 13, '789632547591656', '2025-09-18 14:56:50'),
(21, 1, 13, '785649593614965', '2025-09-18 14:56:55'),
(22, 1, 14, '547923149487600', '2025-09-18 14:57:16'),
(23, 1, 14, '349164879463254', '2025-09-18 14:57:21'),
(24, 1, 14, '563248798569864', '2025-09-18 14:57:26'),
(25, 1, 14, '354949559549503', '2025-09-18 14:57:30'),
(26, 1, 14, '354949559549497', '2025-09-18 14:57:34'),
(27, 1, 14, '349164879463258', '2025-09-18 14:57:38'),
(28, 1, 15, '321665416522325', '2025-09-18 14:58:29'),
(29, 1, 15, '784956148742325', '2025-09-18 14:58:33');

-- --------------------------------------------------------

--
-- Table structure for table `cthoadon`
--

CREATE TABLE `cthoadon` (
  `hoaDon_id` int(11) NOT NULL,
  `imei` varchar(255) NOT NULL,
  `soLuong` int(11) DEFAULT NULL,
  `giaBanRa` bigint(20) DEFAULT NULL,
  `tongTien` bigint(20) DEFAULT NULL
) ENGINE=InnoDB DEFAULT CHARSET=utf8mb4 COLLATE=utf8mb4_general_ci;

--
-- Dumping data for table `cthoadon`
--

INSERT INTO `cthoadon` (`hoaDon_id`, `imei`, `soLuong`, `giaBanRa`, `tongTien`) VALUES
(1, '254136897545901', 1, 22000000, 22000000),
(2, '254136897545906', 1, 22000000, 22000000),
(3, '634528954658800', 1, 24200000, 24200000),
(4, '145668976975659', 1, 24200000, 24200000),
(5, '254136897545907', 1, 22000000, 22000000),
(6, '784526489487952', 1, 24200000, 24200000),
(7, '346251579465624', 1, 29700000, 29700000),
(8, '958494649989595', 1, 29700000, 29700000),
(9, '314656264879549', 1, 29700000, 29700000),
(10, '794653154647894', 1, 29700000, 29700000),
(11, '794653154647895', 1, 29700000, 29700000),
(11, '865326546523661', 1, 24200000, 24200000),
(12, '254136897545896', 1, 22000000, 22000000),
(12, '478562314979873', 1, 8349000, 8349000),
(12, '547923149487591', 1, 21549000, 21549000),
(12, '756423615489568', 1, 7700000, 7700000),
(13, '349164879463259', 1, 19349000, 19349000),
(13, '485623149784626', 1, 21549000, 21549000),
(13, '781623489561488', 1, 19349000, 19349000),
(13, '785649593614965', 1, 5049000, 5049000),
(13, '789632547591656', 1, 5049000, 5049000),
(14, '349164879463254', 1, 19349000, 19349000),
(14, '349164879463258', 1, 19349000, 19349000),
(14, '354949559549497', 1, 8349000, 8349000),
(14, '354949559549503', 1, 8349000, 8349000),
(14, '547923149487600', 1, 21549000, 21549000),
(14, '563248798569864', 1, 5049000, 5049000),
(15, '321665416522325', 1, 7700000, 7700000),
(15, '784956148742325', 1, 5049000, 5049000);

-- --------------------------------------------------------

--
-- Table structure for table `ctphieunhap`
--

CREATE TABLE `ctphieunhap` (
  `phieuNhap_id` int(11) NOT NULL,
  `pbsanPham_id` int(11) NOT NULL,
  `soLuong` int(11) DEFAULT NULL,
  `donGia` bigint(20) DEFAULT NULL,
  `tongTien` bigint(20) DEFAULT NULL
) ENGINE=InnoDB DEFAULT CHARSET=utf8mb4 COLLATE=utf8mb4_general_ci;

--
-- Dumping data for table `ctphieunhap`
--

INSERT INTO `ctphieunhap` (`phieuNhap_id`, `pbsanPham_id`, `soLuong`, `donGia`, `tongTien`) VALUES
(1, 1, 20, 20000000, 400000000),
(2, 11, 10, 22000000, 220000000),
(2, 12, 10, 22000000, 220000000),
(2, 13, 10, 22000000, 220000000),
(2, 14, 10, 22000000, 220000000),
(2, 15, 10, 22000000, 220000000),
(3, 16, 5, 27000000, 135000000),
(4, 17, 5, 27000000, 135000000),
(4, 18, 5, 27000000, 135000000),
(4, 19, 5, 27000000, 135000000),
(4, 20, 5, 27000000, 135000000),
(4, 21, 5, 27000000, 135000000),
(5, 22, 20, 4590000, 91800000),
(5, 23, 20, 4590000, 91800000),
(5, 26, 20, 4590000, 91800000),
(5, 27, 20, 4590000, 91800000),
(6, 29, 20, 6690000, 133800000),
(6, 30, 20, 6690000, 133800000),
(6, 32, 20, 7000000, 140000000),
(6, 33, 20, 7000000, 140000000),
(7, 34, 20, 17590000, 351800000),
(7, 35, 20, 17590000, 351800000),
(7, 37, 20, 19590000, 391800000),
(7, 38, 20, 19590000, 391800000),
(8, 40, 30, 7590000, 227700000),
(8, 41, 30, 7590000, 227700000);

-- --------------------------------------------------------

--
-- Table structure for table `ctquyen`
--

CREATE TABLE `ctquyen` (
  `quyen_id` int(11) NOT NULL,
  `chucNang_id` int(11) NOT NULL,
  `hanhDong` varchar(255) NOT NULL
) ENGINE=InnoDB DEFAULT CHARSET=utf8mb4 COLLATE=utf8mb4_general_ci;

--
-- Dumping data for table `ctquyen`
--

INSERT INTO `ctquyen` (`quyen_id`, `chucNang_id`, `hanhDong`) VALUES
(1, 1, 'add'),
(1, 1, 'delete'),
(1, 1, 'edit'),
(1, 1, 'view'),
(1, 2, 'add'),
(1, 2, 'view'),
(1, 3, 'add'),
(1, 3, 'delete'),
(1, 3, 'view'),
(1, 4, 'add'),
(1, 4, 'delete'),
(1, 4, 'edit'),
(1, 4, 'view'),
(1, 5, 'add'),
(1, 5, 'delete'),
(1, 5, 'edit'),
(1, 5, 'view'),
(1, 6, 'add'),
(1, 6, 'delete'),
(1, 6, 'edit'),
(1, 6, 'view'),
(1, 7, 'add'),
(1, 7, 'delete'),
(1, 7, 'edit'),
(1, 7, 'view'),
(1, 8, 'add'),
(1, 8, 'delete'),
(1, 8, 'edit'),
(1, 8, 'view'),
(1, 9, 'add'),
(1, 9, 'delete'),
(1, 9, 'edit'),
(1, 9, 'view'),
(2, 1, 'add'),
(2, 1, 'view'),
(2, 2, 'add'),
(2, 2, 'view'),
(2, 6, 'add'),
(2, 6, 'view'),
(3, 1, 'add'),
(3, 1, 'view'),
(3, 3, 'add'),
(3, 3, 'view'),
(3, 4, 'add'),
(3, 4, 'view');

-- --------------------------------------------------------

--
-- Table structure for table `ctsanpham`
--

CREATE TABLE `ctsanpham` (
  `imei` varchar(255) NOT NULL,
  `sanPham_id` int(11) DEFAULT NULL,
  `pbSanPham_id` int(11) DEFAULT NULL,
  `phieuNhap_id` int(11) DEFAULT NULL,
  `giaNhap` bigint(20) NOT NULL,
  `trangThai` int(11) DEFAULT 1
) ENGINE=InnoDB DEFAULT CHARSET=utf8mb4 COLLATE=utf8mb4_general_ci;

--
-- Dumping data for table `ctsanpham`
--

INSERT INTO `ctsanpham` (`imei`, `sanPham_id`, `pbSanPham_id`, `phieuNhap_id`, `giaNhap`, `trangThai`) VALUES
('145668976975654', 2, 11, 2, 22000000, 1),
('145668976975655', 2, 11, 2, 22000000, 1),
('145668976975656', 2, 11, 2, 22000000, 1),
('145668976975657', 2, 11, 2, 22000000, 1),
('145668976975658', 2, 11, 2, 22000000, 1),
('145668976975659', 2, 11, 2, 22000000, 0),
('145668976975660', 2, 11, 2, 22000000, 1),
('145668976975661', 2, 11, 2, 22000000, 1),
('145668976975662', 2, 11, 2, 22000000, 1),
('145668976975663', 2, 11, 2, 22000000, 1),
('254136897545896', 1, 1, 1, 20000000, 0),
('254136897545897', 1, 1, 1, 20000000, 1),
('254136897545898', 1, 1, 1, 20000000, 1),
('254136897545899', 1, 1, 1, 20000000, 1),
('254136897545900', 1, 1, 1, 20000000, 1),
('254136897545901', 1, 1, 1, 20000000, 0),
('254136897545902', 1, 1, 1, 20000000, 1),
('254136897545903', 1, 1, 1, 20000000, 1),
('254136897545904', 1, 1, 1, 20000000, 1),
('254136897545905', 1, 1, 1, 20000000, 1),
('254136897545906', 1, 1, 1, 20000000, 0),
('254136897545907', 1, 1, 1, 20000000, 0),
('254136897545908', 1, 1, 1, 20000000, 1),
('254136897545909', 1, 1, 1, 20000000, 1),
('254136897545910', 1, 1, 1, 20000000, 1),
('254136897545911', 1, 1, 1, 20000000, 1),
('254136897545912', 1, 1, 1, 20000000, 1),
('254136897545913', 1, 1, 1, 20000000, 1),
('254136897545914', 1, 1, 1, 20000000, 1),
('254136897545915', 1, 1, 1, 20000000, 1),
('314656264879546', 3, 21, 4, 27000000, 1),
('314656264879547', 3, 21, 4, 27000000, 1),
('314656264879548', 3, 21, 4, 27000000, 1),
('314656264879549', 3, 21, 4, 27000000, 0),
('314656264879550', 3, 21, 4, 27000000, 1),
('321665416522315', 5, 33, 6, 7000000, 1),
('321665416522316', 5, 33, 6, 7000000, 1),
('321665416522317', 5, 33, 6, 7000000, 1),
('321665416522318', 5, 33, 6, 7000000, 1),
('321665416522319', 5, 33, 6, 7000000, 1),
('321665416522320', 5, 33, 6, 7000000, 1),
('321665416522321', 5, 33, 6, 7000000, 1),
('321665416522322', 5, 33, 6, 7000000, 1),
('321665416522323', 5, 33, 6, 7000000, 1),
('321665416522324', 5, 33, 6, 7000000, 1),
('321665416522325', 5, 33, 6, 7000000, 0),
('321665416522326', 5, 33, 6, 7000000, 1),
('321665416522327', 5, 33, 6, 7000000, 1),
('321665416522328', 5, 33, 6, 7000000, 1),
('321665416522329', 5, 33, 6, 7000000, 1),
('321665416522330', 5, 33, 6, 7000000, 1),
('321665416522331', 5, 33, 6, 7000000, 1),
('321665416522332', 5, 33, 6, 7000000, 1),
('321665416522333', 5, 33, 6, 7000000, 1),
('321665416522334', 5, 33, 6, 7000000, 1),
('346251579465623', 3, 19, 4, 27000000, 1),
('346251579465624', 3, 19, 4, 27000000, 0),
('346251579465625', 3, 19, 4, 27000000, 1),
('346251579465626', 3, 19, 4, 27000000, 1),
('346251579465627', 3, 19, 4, 27000000, 1),
('349164879463248', 6, 35, 7, 17590000, 1),
('349164879463249', 6, 35, 7, 17590000, 1),
('349164879463250', 6, 35, 7, 17590000, 1),
('349164879463251', 6, 35, 7, 17590000, 1),
('349164879463252', 6, 35, 7, 17590000, 1),
('349164879463253', 6, 35, 7, 17590000, 1),
('349164879463254', 6, 35, 7, 17590000, 0),
('349164879463255', 6, 35, 7, 17590000, 1),
('349164879463256', 6, 35, 7, 17590000, 1),
('349164879463257', 6, 35, 7, 17590000, 1),
('349164879463258', 6, 35, 7, 17590000, 0),
('349164879463259', 6, 35, 7, 17590000, 0),
('349164879463260', 6, 35, 7, 17590000, 1),
('349164879463261', 6, 35, 7, 17590000, 1),
('349164879463262', 6, 35, 7, 17590000, 1),
('349164879463263', 6, 35, 7, 17590000, 1),
('349164879463264', 6, 35, 7, 17590000, 1),
('349164879463265', 6, 35, 7, 17590000, 1),
('349164879463266', 6, 35, 7, 17590000, 1),
('349164879463267', 6, 35, 7, 17590000, 1),
('354949559549494', 7, 40, 8, 7590000, 1),
('354949559549495', 7, 40, 8, 7590000, 1),
('354949559549496', 7, 40, 8, 7590000, 1),
('354949559549497', 7, 40, 8, 7590000, 0),
('354949559549498', 7, 40, 8, 7590000, 1),
('354949559549499', 7, 40, 8, 7590000, 1),
('354949559549500', 7, 40, 8, 7590000, 1),
('354949559549501', 7, 40, 8, 7590000, 1),
('354949559549502', 7, 40, 8, 7590000, 1),
('354949559549503', 7, 40, 8, 7590000, 0),
('354949559549504', 7, 40, 8, 7590000, 1),
('354949559549505', 7, 40, 8, 7590000, 1),
('354949559549506', 7, 40, 8, 7590000, 1),
('354949559549507', 7, 40, 8, 7590000, 1),
('354949559549508', 7, 40, 8, 7590000, 1),
('354949559549509', 7, 40, 8, 7590000, 1),
('354949559549510', 7, 40, 8, 7590000, 1),
('354949559549511', 7, 40, 8, 7590000, 1),
('354949559549512', 7, 40, 8, 7590000, 1),
('354949559549513', 7, 40, 8, 7590000, 1),
('354949559549514', 7, 40, 8, 7590000, 1),
('354949559549515', 7, 40, 8, 7590000, 1),
('354949559549516', 7, 40, 8, 7590000, 1),
('354949559549517', 7, 40, 8, 7590000, 1),
('354949559549518', 7, 40, 8, 7590000, 1),
('354949559549519', 7, 40, 8, 7590000, 1),
('354949559549520', 7, 40, 8, 7590000, 1),
('354949559549521', 7, 40, 8, 7590000, 1),
('354949559549522', 7, 40, 8, 7590000, 1),
('354949559549523', 7, 40, 8, 7590000, 1),
('451325462348894', 3, 17, 4, 27000000, 1),
('451325462348895', 3, 17, 4, 27000000, 1),
('451325462348896', 3, 17, 4, 27000000, 1),
('451325462348897', 3, 17, 4, 27000000, 1),
('451325462348898', 3, 17, 4, 27000000, 1),
('478562314979865', 7, 41, 8, 7590000, 1),
('478562314979866', 7, 41, 8, 7590000, 1),
('478562314979867', 7, 41, 8, 7590000, 1),
('478562314979868', 7, 41, 8, 7590000, 1),
('478562314979869', 7, 41, 8, 7590000, 1),
('478562314979870', 7, 41, 8, 7590000, 1),
('478562314979871', 7, 41, 8, 7590000, 1),
('478562314979872', 7, 41, 8, 7590000, 1),
('478562314979873', 7, 41, 8, 7590000, 0),
('478562314979874', 7, 41, 8, 7590000, 1),
('478562314979875', 7, 41, 8, 7590000, 1),
('478562314979876', 7, 41, 8, 7590000, 1),
('478562314979877', 7, 41, 8, 7590000, 1),
('478562314979878', 7, 41, 8, 7590000, 1),
('478562314979879', 7, 41, 8, 7590000, 1),
('478562314979880', 7, 41, 8, 7590000, 1),
('478562314979881', 7, 41, 8, 7590000, 1),
('478562314979882', 7, 41, 8, 7590000, 1),
('478562314979883', 7, 41, 8, 7590000, 1),
('478562314979884', 7, 41, 8, 7590000, 1),
('478562314979885', 7, 41, 8, 7590000, 1),
('478562314979886', 7, 41, 8, 7590000, 1),
('478562314979887', 7, 41, 8, 7590000, 1),
('478562314979888', 7, 41, 8, 7590000, 1),
('478562314979889', 7, 41, 8, 7590000, 1),
('478562314979890', 7, 41, 8, 7590000, 1),
('478562314979891', 7, 41, 8, 7590000, 1),
('478562314979892', 7, 41, 8, 7590000, 1),
('478562314979893', 7, 41, 8, 7590000, 1),
('478562314979894', 7, 41, 8, 7590000, 1),
('485623149784615', 6, 38, 7, 19590000, 1),
('485623149784616', 6, 38, 7, 19590000, 1),
('485623149784617', 6, 38, 7, 19590000, 1),
('485623149784618', 6, 38, 7, 19590000, 1),
('485623149784619', 6, 38, 7, 19590000, 1),
('485623149784620', 6, 38, 7, 19590000, 1),
('485623149784621', 6, 38, 7, 19590000, 1),
('485623149784622', 6, 38, 7, 19590000, 1),
('485623149784623', 6, 38, 7, 19590000, 1),
('485623149784624', 6, 38, 7, 19590000, 1),
('485623149784625', 6, 38, 7, 19590000, 1),
('485623149784626', 6, 38, 7, 19590000, 0),
('485623149784627', 6, 38, 7, 19590000, 1),
('485623149784628', 6, 38, 7, 19590000, 1),
('485623149784629', 6, 38, 7, 19590000, 1),
('485623149784630', 6, 38, 7, 19590000, 1),
('485623149784631', 6, 38, 7, 19590000, 1),
('485623149784632', 6, 38, 7, 19590000, 1),
('485623149784633', 6, 38, 7, 19590000, 1),
('485623149784634', 6, 38, 7, 19590000, 1),
('547923149487591', 6, 37, 7, 19590000, 0),
('547923149487592', 6, 37, 7, 19590000, 1),
('547923149487593', 6, 37, 7, 19590000, 1),
('547923149487594', 6, 37, 7, 19590000, 1),
('547923149487595', 6, 37, 7, 19590000, 1),
('547923149487596', 6, 37, 7, 19590000, 1),
('547923149487597', 6, 37, 7, 19590000, 1),
('547923149487598', 6, 37, 7, 19590000, 1),
('547923149487599', 6, 37, 7, 19590000, 1),
('547923149487600', 6, 37, 7, 19590000, 0),
('547923149487601', 6, 37, 7, 19590000, 1),
('547923149487602', 6, 37, 7, 19590000, 1),
('547923149487603', 6, 37, 7, 19590000, 1),
('547923149487604', 6, 37, 7, 19590000, 1),
('547923149487605', 6, 37, 7, 19590000, 1),
('547923149487606', 6, 37, 7, 19590000, 1),
('547923149487607', 6, 37, 7, 19590000, 1),
('547923149487608', 6, 37, 7, 19590000, 1),
('547923149487609', 6, 37, 7, 19590000, 1),
('547923149487610', 6, 37, 7, 19590000, 1),
('563214563265656', 2, 14, 2, 22000000, 1),
('563214563265657', 2, 14, 2, 22000000, 1),
('563214563265658', 2, 14, 2, 22000000, 1),
('563214563265659', 2, 14, 2, 22000000, 1),
('563214563265660', 2, 14, 2, 22000000, 1),
('563214563265661', 2, 14, 2, 22000000, 1),
('563214563265662', 2, 14, 2, 22000000, 1),
('563214563265663', 2, 14, 2, 22000000, 1),
('563214563265664', 2, 14, 2, 22000000, 1),
('563214563265665', 2, 14, 2, 22000000, 1),
('563248798569854', 4, 23, 5, 4590000, 1),
('563248798569855', 4, 23, 5, 4590000, 1),
('563248798569856', 4, 23, 5, 4590000, 1),
('563248798569857', 4, 23, 5, 4590000, 1),
('563248798569858', 4, 23, 5, 4590000, 1),
('563248798569859', 4, 23, 5, 4590000, 1),
('563248798569860', 4, 23, 5, 4590000, 1),
('563248798569861', 4, 23, 5, 4590000, 1),
('563248798569862', 4, 23, 5, 4590000, 1),
('563248798569863', 4, 23, 5, 4590000, 1),
('563248798569864', 4, 23, 5, 4590000, 0),
('563248798569865', 4, 23, 5, 4590000, 1),
('563248798569866', 4, 23, 5, 4590000, 1),
('563248798569867', 4, 23, 5, 4590000, 1),
('563248798569868', 4, 23, 5, 4590000, 1),
('563248798569869', 4, 23, 5, 4590000, 1),
('563248798569870', 4, 23, 5, 4590000, 1),
('563248798569871', 4, 23, 5, 4590000, 1),
('563248798569872', 4, 23, 5, 4590000, 1),
('563248798569873', 4, 23, 5, 4590000, 1),
('634528954658795', 2, 12, 2, 22000000, 1),
('634528954658796', 2, 12, 2, 22000000, 1),
('634528954658797', 2, 12, 2, 22000000, 1),
('634528954658798', 2, 12, 2, 22000000, 1),
('634528954658799', 2, 12, 2, 22000000, 1),
('634528954658800', 2, 12, 2, 22000000, 0),
('634528954658801', 2, 12, 2, 22000000, 1),
('634528954658802', 2, 12, 2, 22000000, 1),
('634528954658803', 2, 12, 2, 22000000, 1),
('634528954658804', 2, 12, 2, 22000000, 1),
('746464972646498', 5, 30, 6, 6690000, 1),
('746464972646499', 5, 30, 6, 6690000, 1),
('746464972646500', 5, 30, 6, 6690000, 1),
('746464972646501', 5, 30, 6, 6690000, 1),
('746464972646502', 5, 30, 6, 6690000, 1),
('746464972646503', 5, 30, 6, 6690000, 1),
('746464972646504', 5, 30, 6, 6690000, 1),
('746464972646505', 5, 30, 6, 6690000, 1),
('746464972646506', 5, 30, 6, 6690000, 1),
('746464972646507', 5, 30, 6, 6690000, 1),
('746464972646508', 5, 30, 6, 6690000, 1),
('746464972646509', 5, 30, 6, 6690000, 1),
('746464972646510', 5, 30, 6, 6690000, 1),
('746464972646511', 5, 30, 6, 6690000, 1),
('746464972646512', 5, 30, 6, 6690000, 1),
('746464972646513', 5, 30, 6, 6690000, 1),
('746464972646514', 5, 30, 6, 6690000, 1),
('746464972646515', 5, 30, 6, 6690000, 1),
('746464972646516', 5, 30, 6, 6690000, 1),
('746464972646517', 5, 30, 6, 6690000, 1),
('748956194951979', 5, 29, 6, 6690000, 1),
('748956194951980', 5, 29, 6, 6690000, 1),
('748956194951981', 5, 29, 6, 6690000, 1),
('748956194951982', 5, 29, 6, 6690000, 1),
('748956194951983', 5, 29, 6, 6690000, 1),
('748956194951984', 5, 29, 6, 6690000, 1),
('748956194951985', 5, 29, 6, 6690000, 1),
('748956194951986', 5, 29, 6, 6690000, 1),
('748956194951987', 5, 29, 6, 6690000, 1),
('748956194951988', 5, 29, 6, 6690000, 1),
('748956194951989', 5, 29, 6, 6690000, 1),
('748956194951990', 5, 29, 6, 6690000, 1),
('748956194951991', 5, 29, 6, 6690000, 1),
('748956194951992', 5, 29, 6, 6690000, 1),
('748956194951993', 5, 29, 6, 6690000, 1),
('748956194951994', 5, 29, 6, 6690000, 1),
('748956194951995', 5, 29, 6, 6690000, 1),
('748956194951996', 5, 29, 6, 6690000, 1),
('748956194951997', 5, 29, 6, 6690000, 1),
('748956194951998', 5, 29, 6, 6690000, 1),
('756423615489562', 5, 32, 6, 7000000, 1),
('756423615489563', 5, 32, 6, 7000000, 1),
('756423615489564', 5, 32, 6, 7000000, 1),
('756423615489565', 5, 32, 6, 7000000, 1),
('756423615489566', 5, 32, 6, 7000000, 1),
('756423615489567', 5, 32, 6, 7000000, 1),
('756423615489568', 5, 32, 6, 7000000, 0),
('756423615489569', 5, 32, 6, 7000000, 1),
('756423615489570', 5, 32, 6, 7000000, 1),
('756423615489571', 5, 32, 6, 7000000, 1),
('756423615489572', 5, 32, 6, 7000000, 1),
('756423615489573', 5, 32, 6, 7000000, 1),
('756423615489574', 5, 32, 6, 7000000, 1),
('756423615489575', 5, 32, 6, 7000000, 1),
('756423615489576', 5, 32, 6, 7000000, 1),
('756423615489577', 5, 32, 6, 7000000, 1),
('756423615489578', 5, 32, 6, 7000000, 1),
('756423615489579', 5, 32, 6, 7000000, 1),
('756423615489580', 5, 32, 6, 7000000, 1),
('756423615489581', 5, 32, 6, 7000000, 1),
('781623489561478', 6, 34, 7, 17590000, 1),
('781623489561479', 6, 34, 7, 17590000, 1),
('781623489561480', 6, 34, 7, 17590000, 1),
('781623489561481', 6, 34, 7, 17590000, 1),
('781623489561482', 6, 34, 7, 17590000, 1),
('781623489561483', 6, 34, 7, 17590000, 1),
('781623489561484', 6, 34, 7, 17590000, 1),
('781623489561485', 6, 34, 7, 17590000, 1),
('781623489561486', 6, 34, 7, 17590000, 1),
('781623489561487', 6, 34, 7, 17590000, 1),
('781623489561488', 6, 34, 7, 17590000, 0),
('781623489561489', 6, 34, 7, 17590000, 1),
('781623489561490', 6, 34, 7, 17590000, 1),
('781623489561491', 6, 34, 7, 17590000, 1),
('781623489561492', 6, 34, 7, 17590000, 1),
('781623489561493', 6, 34, 7, 17590000, 1),
('781623489561494', 6, 34, 7, 17590000, 1),
('781623489561495', 6, 34, 7, 17590000, 1),
('781623489561496', 6, 34, 7, 17590000, 1),
('781623489561497', 6, 34, 7, 17590000, 1),
('784526489487946', 2, 13, 2, 22000000, 1),
('784526489487947', 2, 13, 2, 22000000, 1),
('784526489487948', 2, 13, 2, 22000000, 1),
('784526489487949', 2, 13, 2, 22000000, 1),
('784526489487950', 2, 13, 2, 22000000, 1),
('784526489487951', 2, 13, 2, 22000000, 1),
('784526489487952', 2, 13, 2, 22000000, 0),
('784526489487953', 2, 13, 2, 22000000, 1),
('784526489487954', 2, 13, 2, 22000000, 1),
('784526489487955', 2, 13, 2, 22000000, 1),
('784956148742315', 4, 26, 5, 4590000, 1),
('784956148742316', 4, 26, 5, 4590000, 1),
('784956148742317', 4, 26, 5, 4590000, 1),
('784956148742318', 4, 26, 5, 4590000, 1),
('784956148742319', 4, 26, 5, 4590000, 1),
('784956148742320', 4, 26, 5, 4590000, 1),
('784956148742321', 4, 26, 5, 4590000, 1),
('784956148742322', 4, 26, 5, 4590000, 1),
('784956148742323', 4, 26, 5, 4590000, 1),
('784956148742324', 4, 26, 5, 4590000, 1),
('784956148742325', 4, 26, 5, 4590000, 0),
('784956148742326', 4, 26, 5, 4590000, 1),
('784956148742327', 4, 26, 5, 4590000, 1),
('784956148742328', 4, 26, 5, 4590000, 1),
('784956148742329', 4, 26, 5, 4590000, 1),
('784956148742330', 4, 26, 5, 4590000, 1),
('784956148742331', 4, 26, 5, 4590000, 1),
('784956148742332', 4, 26, 5, 4590000, 1),
('784956148742333', 4, 26, 5, 4590000, 1),
('784956148742334', 4, 26, 5, 4590000, 1),
('785649484958495', 3, 16, 3, 27000000, 1),
('785649484958496', 3, 16, 3, 27000000, 1),
('785649484958497', 3, 16, 3, 27000000, 1),
('785649484958498', 3, 16, 3, 27000000, 1),
('785649484958499', 3, 16, 3, 27000000, 1),
('785649593614957', 4, 22, 5, 4590000, 1),
('785649593614958', 4, 22, 5, 4590000, 1),
('785649593614959', 4, 22, 5, 4590000, 1),
('785649593614960', 4, 22, 5, 4590000, 1),
('785649593614961', 4, 22, 5, 4590000, 1),
('785649593614962', 4, 22, 5, 4590000, 1),
('785649593614963', 4, 22, 5, 4590000, 1),
('785649593614964', 4, 22, 5, 4590000, 1),
('785649593614965', 4, 22, 5, 4590000, 0),
('785649593614966', 4, 22, 5, 4590000, 1),
('785649593614967', 4, 22, 5, 4590000, 1),
('785649593614968', 4, 22, 5, 4590000, 1),
('785649593614969', 4, 22, 5, 4590000, 1),
('785649593614970', 4, 22, 5, 4590000, 1),
('785649593614971', 4, 22, 5, 4590000, 1),
('785649593614972', 4, 22, 5, 4590000, 1),
('785649593614973', 4, 22, 5, 4590000, 1),
('785649593614974', 4, 22, 5, 4590000, 1),
('785649593614975', 4, 22, 5, 4590000, 1),
('785649593614976', 4, 22, 5, 4590000, 1),
('789632547591645', 4, 27, 5, 4590000, 1),
('789632547591646', 4, 27, 5, 4590000, 1),
('789632547591647', 4, 27, 5, 4590000, 1),
('789632547591648', 4, 27, 5, 4590000, 1),
('789632547591649', 4, 27, 5, 4590000, 1),
('789632547591650', 4, 27, 5, 4590000, 1),
('789632547591651', 4, 27, 5, 4590000, 1),
('789632547591652', 4, 27, 5, 4590000, 1),
('789632547591653', 4, 27, 5, 4590000, 1),
('789632547591654', 4, 27, 5, 4590000, 1),
('789632547591655', 4, 27, 5, 4590000, 1),
('789632547591656', 4, 27, 5, 4590000, 0),
('789632547591657', 4, 27, 5, 4590000, 1),
('789632547591658', 4, 27, 5, 4590000, 1),
('789632547591659', 4, 27, 5, 4590000, 1),
('789632547591660', 4, 27, 5, 4590000, 1),
('789632547591661', 4, 27, 5, 4590000, 1),
('789632547591662', 4, 27, 5, 4590000, 1),
('789632547591663', 4, 27, 5, 4590000, 1),
('789632547591664', 4, 27, 5, 4590000, 1),
('794653154647894', 3, 18, 4, 27000000, 0),
('794653154647895', 3, 18, 4, 27000000, 0),
('794653154647896', 3, 18, 4, 27000000, 1),
('794653154647897', 3, 18, 4, 27000000, 1),
('794653154647898', 3, 18, 4, 27000000, 1),
('865326546523652', 2, 15, 2, 22000000, 1),
('865326546523653', 2, 15, 2, 22000000, 1),
('865326546523654', 2, 15, 2, 22000000, 1),
('865326546523655', 2, 15, 2, 22000000, 1),
('865326546523656', 2, 15, 2, 22000000, 1),
('865326546523657', 2, 15, 2, 22000000, 1),
('865326546523658', 2, 15, 2, 22000000, 1),
('865326546523659', 2, 15, 2, 22000000, 1),
('865326546523660', 2, 15, 2, 22000000, 1),
('865326546523661', 2, 15, 2, 22000000, 0),
('958494649989595', 3, 20, 4, 27000000, 0),
('958494649989596', 3, 20, 4, 27000000, 1),
('958494649989597', 3, 20, 4, 27000000, 1),
('958494649989598', 3, 20, 4, 27000000, 1),
('958494649989599', 3, 20, 4, 27000000, 1);

-- --------------------------------------------------------

--
-- Table structure for table `hoadon`
--

CREATE TABLE `hoadon` (
  `id` int(11) NOT NULL,
  `khacHang_id` int(11) DEFAULT NULL,
  `nhanVien_id` int(11) DEFAULT NULL,
  `khuyenMai_id` int(11) DEFAULT NULL,
  `ngayXuat` datetime DEFAULT NULL,
  `tongTien` bigint(20) DEFAULT NULL,
  `trangthai` int(11) NOT NULL DEFAULT 1
) ENGINE=InnoDB DEFAULT CHARSET=utf8mb4 COLLATE=utf8mb4_general_ci;

--
-- Dumping data for table `hoadon`
--

INSERT INTO `hoadon` (`id`, `khacHang_id`, `nhanVien_id`, `khuyenMai_id`, `ngayXuat`, `tongTien`, `trangthai`) VALUES
(1, 1, 1, 1, '2024-09-15 14:35:32', 22000000, 1),
(2, 1, 2, 1, '2024-08-30 10:38:12', 22000000, 1),
(3, 2, 1, 1, '2024-08-24 13:27:07', 24200000, 1),
(4, 3, 3, 1, '2024-08-23 13:27:19', 24200000, 1),
(5, 5, 1, 1, '2024-08-21 13:27:29', 22000000, 1),
(6, 5, 2, 1, '2024-08-16 13:28:55', 24200000, 1),
(7, 6, 3, 1, '2024-08-10 13:42:32', 29700000, 1),
(8, 7, 3, 1, '2024-07-30 13:42:48', 29700000, 1),
(9, 8, 1, 1, '2024-07-28 13:43:27', 29700000, 1),
(10, 5, 1, 1, '2024-07-27 13:46:38', 29700000, 1),
(11, 4, 1, 1, '2024-07-17 13:47:24', 53900000, 1),
(12, 9, 8, 1, '2024-07-15 14:56:02', 59598000, 1),
(13, 11, 8, 1, '2024-07-03 14:56:56', 70345000, 1),
(14, 9, 7, 1, '2024-06-28 14:57:55', 81994000, 1),
(15, 6, 2, 1, '2024-06-22 14:58:34', 12749000, 1);

-- --------------------------------------------------------

--
-- Table structure for table `khachhang`
--

CREATE TABLE `khachhang` (
  `id` int(11) NOT NULL,
  `ho` varchar(255) DEFAULT NULL,
  `ten` varchar(255) DEFAULT NULL,
  `diaChi` varchar(255) DEFAULT NULL,
  `soDienThoai` varchar(255) DEFAULT NULL,
  `ngaythamgia` datetime DEFAULT NULL,
  `trangThai` int(11) DEFAULT 1
) ENGINE=InnoDB DEFAULT CHARSET=utf8mb4 COLLATE=utf8mb4_general_ci;

--
-- Dumping data for table `khachhang`
--

INSERT INTO `khachhang` (`id`, `ho`, `ten`, `diaChi`, `soDienThoai`, `ngaythamgia`, `trangThai`) VALUES
(1, 'Phạm Tuấn', 'Tài', NULL, '0123456789', '2024-09-18 13:44:20', 1),
(2, 'Nguyễn Hoàng', 'Mỹ', NULL, '04562345819', '2024-09-18 13:44:28', 1),
(3, 'Lê Bá', 'Trực', NULL, '04562315487', '2024-09-18 13:44:39', 1),
(4, 'Phạm Thị Thanh', 'Vân', NULL, '0523149463', '2024-09-18 13:44:49', 1),
(5, 'Trịnh Văn', 'Chung', NULL, '0953587956', '2024-09-18 13:44:55', 1),
(6, 'Nguyễn Thị Hà', 'Phương', NULL, '07856492354', '2024-09-18 13:45:06', 1),
(7, 'Phan Thị Thúy', 'Hằng', NULL, '07536214895', '2024-09-18 13:45:17', 1),
(8, 'Cao Thanh', 'Sang', NULL, '07548956216', '2024-09-18 13:45:27', 1),
(9, 'Nguyễn Thị Việt', 'Anh', NULL, '0965887415', '2024-09-18 13:49:03', 1),
(10, 'Võ Thị Tuyết', 'Nga', NULL, '03168956489', '2024-09-18 13:49:20', 1),
(11, 'Trần Thị Hồng', 'Minh', NULL, '08597648957', '2024-09-18 13:49:41', 1);

-- --------------------------------------------------------

--
-- Table structure for table `khuyenmai`
--

CREATE TABLE `khuyenmai` (
  `id` int(11) NOT NULL,
  `ten` varchar(50) NOT NULL,
  `tiLe` float DEFAULT NULL,
  `sanPham_id` int(11) DEFAULT NULL,
  `dieuKien` int(11) DEFAULT NULL,
  `trangthai` int(11) DEFAULT NULL
) ENGINE=InnoDB DEFAULT CHARSET=utf8mb4 COLLATE=utf8mb4_general_ci;

--
-- Dumping data for table `khuyenmai`
--

INSERT INTO `khuyenmai` (`id`, `ten`, `tiLe`, `sanPham_id`, `dieuKien`, `trangthai`) VALUES
(1, 'Không khuyến mãi', 0, NULL, 0, 1);

-- --------------------------------------------------------

--
-- Table structure for table `nhacungcap`
--

CREATE TABLE `nhacungcap` (
  `id` int(11) NOT NULL,
  `ten` varchar(255) DEFAULT NULL,
  `diaChi` varchar(255) DEFAULT NULL,
  `soDienThoai` varchar(255) DEFAULT NULL,
  `email` varchar(255) DEFAULT NULL,
  `trangThai` int(11) DEFAULT 1
) ENGINE=InnoDB DEFAULT CHARSET=utf8mb4 COLLATE=utf8mb4_general_ci;

--
-- Dumping data for table `nhacungcap`
--

INSERT INTO `nhacungcap` (`id`, `ten`, `diaChi`, `soDienThoai`, `email`, `trangThai`) VALUES
(1, 'Công Ty TNHH Thế Giới Di Động', 'Phòng 6.5, Tầng6, Tòa Nhà E. Town 2, 364 Cộng Hòa, P. 13, Q. Tân Bình, Tp. Hồ Chí Minh', '2835100100', 'lienhe@thegioididong.com', 1),
(2, 'Công ty TNHH Thương Mại Công Nghệ Bạch Long', '134 Trần Phú, phường 4, quận 5, Tp. Hồ Chí Minh', '869287135', 'marketing@bachlongmobile.com', 1),
(3, 'Viễn Thông Đức Huy', '187A Đường 3/2, P. 11, Q. 10, Tp. Hồ Chí Minh', '971151515', 'duchuymobile2011@gmail.com', 1);

-- --------------------------------------------------------

--
-- Table structure for table `nhanvien`
--

CREATE TABLE `nhanvien` (
  `id` int(11) NOT NULL,
  `ho` varchar(255) DEFAULT NULL,
  `ten` varchar(255) DEFAULT NULL,
  `gioiTinh` varchar(255) DEFAULT NULL,
  `soDienThoai` varchar(255) DEFAULT NULL,
  `email` varchar(255) DEFAULT NULL,
  `trangThai` int(11) DEFAULT 1
) ENGINE=InnoDB DEFAULT CHARSET=utf8mb4 COLLATE=utf8mb4_general_ci;

--
-- Dumping data for table `nhanvien`
--

INSERT INTO `nhanvien` (`id`, `ho`, `ten`, `gioiTinh`, `soDienThoai`, `email`, `trangThai`) VALUES
(1, 'Trần Đức', 'Em', 'Nam', '0374126105', '3122410091@sv.sgu.edu.vn', 1),
(2, 'Trầm Quang', 'Dũng', 'Nam', '0324879561', '3122410054@sv.sgu.edu.vn', 1),
(3, 'Hoàng', 'Dũng', 'Nam', '0879456213', '3122410052@sv.sgu.edu.vn', 1),
(4, 'Đoàn Minh', 'Đức', 'Nam', '0546798123', '3122410084@sv.sgu.edu.vn', 1),
(5, 'Vũ', 'Tiến Tài', 'Nam', '0789456348', 'tientai@gmail.com', 1),
(6, 'Nguyễn', 'Quốc Huy', 'Nam', '03461264789', 'quochuy@gmail.com', 1),
(7, 'Phạm Nhật', 'Phong', 'Nam', '07865324978', 'nhatphong@gmail.com', 1),
(8, 'Lê Mỹ', 'Huyền', 'Nữ', '0789563487', 'myhuyen@gmail.com', 1);

-- --------------------------------------------------------

--
-- Table structure for table `pbsanpham`
--

CREATE TABLE `pbsanpham` (
  `id` int(11) NOT NULL,
  `sanPham_id` int(11) DEFAULT NULL,
  `ram` int(11) DEFAULT NULL,
  `rom` int(11) DEFAULT NULL,
  `mau` varchar(255) DEFAULT NULL,
  `soLuong` int(11) DEFAULT 0,
  `trangThai` int(11) DEFAULT 1
) ENGINE=InnoDB DEFAULT CHARSET=utf8mb4 COLLATE=utf8mb4_general_ci;

--
-- Dumping data for table `pbsanpham`
--

INSERT INTO `pbsanpham` (`id`, `sanPham_id`, `ram`, `rom`, `mau`, `soLuong`, `trangThai`) VALUES
(1, 1, 6, 128, 'Hồng nhạt', 16, 1),
(2, 1, 6, 128, 'Xanh dương nhạt', 0, 1),
(3, 1, 6, 128, 'Xanh lá nhạt', 0, 1),
(4, 1, 6, 128, 'Vàng nhạt', 0, 1),
(5, 1, 6, 128, 'Đen', 0, 1),
(6, 1, 6, 256, 'Hồng nhạt', 0, 1),
(7, 1, 6, 256, 'Xanh dương nhạt', 0, 1),
(8, 1, 6, 256, 'Xanh lá nhạt', 0, 1),
(9, 1, 6, 256, 'Vàng nhạt', 0, 1),
(10, 1, 6, 256, 'Đen', 0, 1),
(11, 2, 6, 128, 'Xanh lá nhạt', 9, 1),
(12, 2, 6, 128, 'Xanh dương nhạt', 9, 1),
(13, 2, 6, 128, 'Hồng nhạt', 9, 1),
(14, 2, 6, 128, 'Đen', 10, 1),
(15, 2, 6, 128, 'Vàng nhạt', 9, 1),
(16, 3, 8, 256, 'Titan tự nhiên', 5, 1),
(17, 3, 8, 256, 'Titan đen', 5, 1),
(18, 3, 8, 256, 'Titan xanh', 3, 1),
(19, 3, 8, 512, 'Titan tự nhiên', 4, 1),
(20, 3, 8, 512, 'Titan đen', 4, 1),
(21, 3, 8, 512, 'Titan xanh', 4, 1),
(22, 4, 8, 128, 'Vàng', 19, 1),
(23, 4, 8, 128, 'Đen', 19, 1),
(24, 4, 6, 128, 'Vàng', 0, 1),
(25, 4, 6, 128, 'Đen', 0, 1),
(26, 4, 8, 256, 'Vàng', 19, 1),
(27, 4, 8, 256, 'Đen', 19, 1),
(28, 5, 8, 128, 'Tím', 0, 1),
(29, 5, 8, 128, 'Đen', 20, 1),
(30, 5, 8, 128, 'Xanh lá', 20, 1),
(31, 5, 8, 256, 'Tím', 0, 1),
(32, 5, 8, 256, 'Đen', 19, 1),
(33, 5, 8, 256, 'Xanh lá', 19, 1),
(34, 6, 12, 256, 'Trắng', 19, 1),
(35, 6, 12, 256, 'Đen', 17, 1),
(36, 6, 12, 256, 'Xanh lá', 0, 1),
(37, 6, 12, 512, 'Trắng', 18, 1),
(38, 6, 12, 512, 'Đen', 19, 1),
(39, 6, 12, 512, 'Xanh lá', 0, 1),
(40, 7, 8, 256, 'Xanh Đậm', 28, 1),
(41, 7, 8, 256, 'Xanh nhạt', 29, 1);

-- --------------------------------------------------------

--
-- Table structure for table `phieunhap`
--

CREATE TABLE `phieunhap` (
  `id` int(11) NOT NULL,
  `nhaCungCap_id` int(11) DEFAULT NULL,
  `nhanVien_id` int(11) DEFAULT NULL,
  `ngayNhap` datetime DEFAULT NULL,
  `tongTien` bigint(20) DEFAULT NULL,
  `trangthai` int(11) NOT NULL DEFAULT 1
) ENGINE=InnoDB DEFAULT CHARSET=utf8mb4 COLLATE=utf8mb4_general_ci;

--
-- Dumping data for table `phieunhap`
--

INSERT INTO `phieunhap` (`id`, `nhaCungCap_id`, `nhanVien_id`, `ngayNhap`, `tongTien`, `trangthai`) VALUES
(1, 1, 1, '2024-09-15 14:34:03', 400000000, 1),
(2, 3, 6, '2024-08-08 11:29:06', 1100000000, 1),
(3, 1, 5, '2024-08-22 13:33:01', 135000000, 1),
(4, 2, 4, '2024-07-30 13:35:15', 675000000, 1),
(5, 2, 6, '2024-07-19 14:05:52', 367200000, 1),
(6, 3, 4, '2024-06-19 14:50:14', 547600000, 1),
(7, 1, 5, '2024-06-22 14:52:44', 1487200000, 1),
(8, 1, 5, '2024-05-08 14:54:26', 455400000, 1);

-- --------------------------------------------------------

--
-- Table structure for table `quyen`
--

CREATE TABLE `quyen` (
  `id` int(11) NOT NULL,
  `ten` varchar(255) DEFAULT NULL,
  `trangThai` int(11) DEFAULT 1
) ENGINE=InnoDB DEFAULT CHARSET=utf8mb4 COLLATE=utf8mb4_general_ci;

--
-- Dumping data for table `quyen`
--

INSERT INTO `quyen` (`id`, `ten`, `trangThai`) VALUES
(1, 'Quản lý', 1),
(2, 'Nhân viên nhập hàng', 1),
(3, 'Nhân viên bán hàng', 1);

-- --------------------------------------------------------

--
-- Table structure for table `sanpham`
--

CREATE TABLE `sanpham` (
  `id` int(11) NOT NULL,
  `ten` varchar(255) DEFAULT NULL,
  `hinhAnh` varchar(255) DEFAULT NULL,
  `kichThuocMan` float DEFAULT NULL,
  `cameraSau` varchar(255) DEFAULT NULL,
  `cameraTruoc` varchar(255) DEFAULT NULL,
  `chipXuLy` varchar(255) DEFAULT NULL,
  `heDieuHanh` varchar(255) DEFAULT NULL,
  `dungLuongPin` int(11) DEFAULT NULL,
  `thuongHieu_id` int(11) DEFAULT NULL,
  `trangThai` int(11) DEFAULT 1
) ENGINE=InnoDB DEFAULT CHARSET=utf8mb4 COLLATE=utf8mb4_general_ci;

--
-- Dumping data for table `sanpham`
--

INSERT INTO `sanpham` (`id`, `ten`, `hinhAnh`, `kichThuocMan`, `cameraSau`, `cameraTruoc`, `chipXuLy`, `heDieuHanh`, `dungLuongPin`, `thuongHieu_id`, `trangThai`) VALUES
(1, 'iPhone 15', '342iphone15.jpg', 6.1, 'Chính 48 MP & Phụ 12 MP', '12 MP', 'Apple A16 Bionic', 'iOS 17', 3349, 1, 1),
(2, 'iPhone 15 Plus', '619iphone15plus.jpg', 6.7, 'Chính 48 MP & Phụ 12 MP', '12 MP', 'Apple A16 Bionic', 'iOS', 4383, 1, 1),
(3, 'iPhone 15 Pro Max', '995iphone15promax.jpg', 6.7, 'Chính 48 MP & Phụ 12 MP, 12 MP', '12 MP', 'Apple A17 Pro 6 nhân', 'iOS 17', 4422, 1, 1),
(4, 'Xiaomi Redmi Note 13', '506redminote13.jpg', 6.67, 'Chính 108 MP & Phụ 8 MP, 2 MP', '16 MP', 'Snapdragon 685 8 nhân', 'Android', 5000, 3, 1),
(5, 'Xiaomi Redmi Note 13 Pro', '536redminote13pro.jpg', 6.67, 'Chính 200 MP & Phụ 8 MP, 2 MP', '16 MP', 'MediaTek Helio G99-Ultra 8 nhân', 'Android', 5000, 3, 1),
(6, 'Xiaomi 14 5G', '232xiaomi14.jpg', 6.36, 'Chính 50 MP & Phụ 50 MP, 50 MP', '32 MP', 'Snapdragon 8 Gen 3 8 nhân', 'Android 14', 4610, 1, 1),
(7, 'Samsung Galaxy M35 5G', '148samsung-galaxy-m35-5g-xanhdam-thumb-600x600.jpg', 6.6, 'Chính 50 MP & Phụ 8 MP, 2 MP', '13 MP', 'Exynos 1380 8 nhân', 'Android 14', 6000, 1, 1);

-- --------------------------------------------------------

--
-- Table structure for table `taikhoan`
--

CREATE TABLE `taikhoan` (
  `id` int(11) NOT NULL,
  `nhanVien_id` int(11) DEFAULT NULL,
  `quyen_id` int(11) DEFAULT NULL,
  `tenTaiKhoan` varchar(255) DEFAULT NULL,
  `matKhau` varchar(255) DEFAULT NULL,
  `trangThai` int(11) DEFAULT 1
) ENGINE=InnoDB DEFAULT CHARSET=utf8mb4 COLLATE=utf8mb4_general_ci;

--
-- Dumping data for table `taikhoan`
--

INSERT INTO `taikhoan` (`id`, `nhanVien_id`, `quyen_id`, `tenTaiKhoan`, `matKhau`, `trangThai`) VALUES
(1, 1, 1, 'ducem', '123456', 1),
(2, 2, 3, 'dead', '123456', 1),
(3, 3, 3, 'dungdia', '123456', 1),
(4, 4, 2, 'duc', '123456', 1),
(5, 5, 2, 'tientai', '123456', 1),
(6, 6, 2, 'quochuy', '123456', 1),
(7, 7, 3, 'nhatphong', '123456', 1),
(8, 8, 3, 'myhuyen', '123456', 1);

-- --------------------------------------------------------

--
-- Table structure for table `thuonghieu`
--

CREATE TABLE `thuonghieu` (
  `id` int(11) NOT NULL,
  `ten` varchar(255) DEFAULT NULL
) ENGINE=InnoDB DEFAULT CHARSET=utf8mb4 COLLATE=utf8mb4_general_ci;

--
-- Dumping data for table `thuonghieu`
--

INSERT INTO `thuonghieu` (`id`, `ten`) VALUES
(1, 'Apple'),
(2, 'Samsung'),
(3, 'Xiaomi');

--
-- Indexes for dumped tables
--

--
-- Indexes for table `baohanh`
--
ALTER TABLE `baohanh`
  ADD PRIMARY KEY (`id`);

--
-- Indexes for table `chucnang`
--
ALTER TABLE `chucnang`
  ADD PRIMARY KEY (`id`);

--
-- Indexes for table `ctbaohanh`
--
ALTER TABLE `ctbaohanh`
  ADD PRIMARY KEY (`id`),
  ADD KEY `baoHanh_id` (`baoHanh_id`),
  ADD KEY `hoaDon_id` (`hoaDon_id`),
  ADD KEY `imei_sanPham` (`imei_sanPham`);

--
-- Indexes for table `cthoadon`
--
ALTER TABLE `cthoadon`
  ADD PRIMARY KEY (`hoaDon_id`,`imei`),
  ADD KEY `imei` (`imei`);

--
-- Indexes for table `ctphieunhap`
--
ALTER TABLE `ctphieunhap`
  ADD PRIMARY KEY (`phieuNhap_id`,`pbsanPham_id`),
  ADD KEY `pbsanPham_id` (`pbsanPham_id`);

--
-- Indexes for table `ctquyen`
--
ALTER TABLE `ctquyen`
  ADD PRIMARY KEY (`quyen_id`,`chucNang_id`,`hanhDong`),
  ADD KEY `chucNang_id` (`chucNang_id`);

--
-- Indexes for table `ctsanpham`
--
ALTER TABLE `ctsanpham`
  ADD PRIMARY KEY (`imei`),
  ADD KEY `sanPham_id` (`sanPham_id`),
  ADD KEY `pbSanPham_id` (`pbSanPham_id`),
  ADD KEY `phieuNhap_id` (`phieuNhap_id`);

--
-- Indexes for table `hoadon`
--
ALTER TABLE `hoadon`
  ADD PRIMARY KEY (`id`),
  ADD KEY `khacHang_id` (`khacHang_id`),
  ADD KEY `nhanVien_id` (`nhanVien_id`),
  ADD KEY `khuyenMai_id` (`khuyenMai_id`);

--
-- Indexes for table `khachhang`
--
ALTER TABLE `khachhang`
  ADD PRIMARY KEY (`id`);

--
-- Indexes for table `khuyenmai`
--
ALTER TABLE `khuyenmai`
  ADD PRIMARY KEY (`id`),
  ADD KEY `pbSanPham_id` (`sanPham_id`);

--
-- Indexes for table `nhacungcap`
--
ALTER TABLE `nhacungcap`
  ADD PRIMARY KEY (`id`);

--
-- Indexes for table `nhanvien`
--
ALTER TABLE `nhanvien`
  ADD PRIMARY KEY (`id`);

--
-- Indexes for table `pbsanpham`
--
ALTER TABLE `pbsanpham`
  ADD PRIMARY KEY (`id`),
  ADD KEY `sanPham_id` (`sanPham_id`);

--
-- Indexes for table `phieunhap`
--
ALTER TABLE `phieunhap`
  ADD PRIMARY KEY (`id`),
  ADD KEY `nhaCungCap_id` (`nhaCungCap_id`),
  ADD KEY `nhanVien_id` (`nhanVien_id`);

--
-- Indexes for table `quyen`
--
ALTER TABLE `quyen`
  ADD PRIMARY KEY (`id`);

--
-- Indexes for table `sanpham`
--
ALTER TABLE `sanpham`
  ADD PRIMARY KEY (`id`),
  ADD KEY `thuongHieu_id` (`thuongHieu_id`);

--
-- Indexes for table `taikhoan`
--
ALTER TABLE `taikhoan`
  ADD PRIMARY KEY (`id`),
  ADD KEY `nhanVien_id` (`nhanVien_id`),
  ADD KEY `quyen_id` (`quyen_id`);

--
-- Indexes for table `thuonghieu`
--
ALTER TABLE `thuonghieu`
  ADD PRIMARY KEY (`id`);

--
-- AUTO_INCREMENT for dumped tables
--

--
-- AUTO_INCREMENT for table `baohanh`
--
ALTER TABLE `baohanh`
  MODIFY `id` int(11) NOT NULL AUTO_INCREMENT, AUTO_INCREMENT=6;

--
-- AUTO_INCREMENT for table `chucnang`
--
ALTER TABLE `chucnang`
  MODIFY `id` int(11) NOT NULL AUTO_INCREMENT, AUTO_INCREMENT=11;

--
-- AUTO_INCREMENT for table `ctbaohanh`
--
ALTER TABLE `ctbaohanh`
  MODIFY `id` int(11) NOT NULL AUTO_INCREMENT, AUTO_INCREMENT=30;

--
-- AUTO_INCREMENT for table `hoadon`
--
ALTER TABLE `hoadon`
  MODIFY `id` int(11) NOT NULL AUTO_INCREMENT, AUTO_INCREMENT=16;

--
-- AUTO_INCREMENT for table `khachhang`
--
ALTER TABLE `khachhang`
  MODIFY `id` int(11) NOT NULL AUTO_INCREMENT, AUTO_INCREMENT=12;

--
-- AUTO_INCREMENT for table `khuyenmai`
--
ALTER TABLE `khuyenmai`
  MODIFY `id` int(11) NOT NULL AUTO_INCREMENT, AUTO_INCREMENT=2;

--
-- AUTO_INCREMENT for table `nhacungcap`
--
ALTER TABLE `nhacungcap`
  MODIFY `id` int(11) NOT NULL AUTO_INCREMENT, AUTO_INCREMENT=4;

--
-- AUTO_INCREMENT for table `nhanvien`
--
ALTER TABLE `nhanvien`
  MODIFY `id` int(11) NOT NULL AUTO_INCREMENT, AUTO_INCREMENT=9;

--
-- AUTO_INCREMENT for table `pbsanpham`
--
ALTER TABLE `pbsanpham`
  MODIFY `id` int(11) NOT NULL AUTO_INCREMENT, AUTO_INCREMENT=42;

--
-- AUTO_INCREMENT for table `phieunhap`
--
ALTER TABLE `phieunhap`
  MODIFY `id` int(11) NOT NULL AUTO_INCREMENT, AUTO_INCREMENT=9;

--
-- AUTO_INCREMENT for table `quyen`
--
ALTER TABLE `quyen`
  MODIFY `id` int(11) NOT NULL AUTO_INCREMENT, AUTO_INCREMENT=6;

--
-- AUTO_INCREMENT for table `sanpham`
--
ALTER TABLE `sanpham`
  MODIFY `id` int(11) NOT NULL AUTO_INCREMENT, AUTO_INCREMENT=8;

--
-- AUTO_INCREMENT for table `taikhoan`
--
ALTER TABLE `taikhoan`
  MODIFY `id` int(11) NOT NULL AUTO_INCREMENT, AUTO_INCREMENT=9;

--
-- AUTO_INCREMENT for table `thuonghieu`
--
ALTER TABLE `thuonghieu`
  MODIFY `id` int(11) NOT NULL AUTO_INCREMENT, AUTO_INCREMENT=4;

--
-- Constraints for dumped tables
--

--
-- Constraints for table `ctbaohanh`
--
ALTER TABLE `ctbaohanh`
  ADD CONSTRAINT `ctbaohanh_ibfk_1` FOREIGN KEY (`baoHanh_id`) REFERENCES `baohanh` (`id`),
  ADD CONSTRAINT `ctbaohanh_ibfk_2` FOREIGN KEY (`hoaDon_id`) REFERENCES `hoadon` (`id`),
  ADD CONSTRAINT `ctbaohanh_ibfk_3` FOREIGN KEY (`imei_sanPham`) REFERENCES `ctsanpham` (`imei`);

--
-- Constraints for table `cthoadon`
--
ALTER TABLE `cthoadon`
  ADD CONSTRAINT `cthoadon_ibfk_1` FOREIGN KEY (`hoaDon_id`) REFERENCES `hoadon` (`id`),
  ADD CONSTRAINT `cthoadon_ibfk_2` FOREIGN KEY (`imei`) REFERENCES `ctsanpham` (`imei`);

--
-- Constraints for table `ctphieunhap`
--
ALTER TABLE `ctphieunhap`
  ADD CONSTRAINT `ctphieunhap_ibfk_1` FOREIGN KEY (`phieuNhap_id`) REFERENCES `phieunhap` (`id`),
  ADD CONSTRAINT `ctphieunhap_ibfk_2` FOREIGN KEY (`pbsanPham_id`) REFERENCES `pbsanpham` (`id`);

--
-- Constraints for table `ctquyen`
--
ALTER TABLE `ctquyen`
  ADD CONSTRAINT `ctquyen_ibfk_1` FOREIGN KEY (`chucNang_id`) REFERENCES `chucnang` (`id`),
  ADD CONSTRAINT `ctquyen_ibfk_2` FOREIGN KEY (`quyen_id`) REFERENCES `quyen` (`id`);

--
-- Constraints for table `ctsanpham`
--
ALTER TABLE `ctsanpham`
  ADD CONSTRAINT `ctsanpham_ibfk_1` FOREIGN KEY (`sanPham_id`) REFERENCES `sanpham` (`id`),
  ADD CONSTRAINT `ctsanpham_ibfk_2` FOREIGN KEY (`pbSanPham_id`) REFERENCES `pbsanpham` (`id`),
  ADD CONSTRAINT `ctsanpham_ibfk_3` FOREIGN KEY (`phieuNhap_id`) REFERENCES `phieunhap` (`id`);

--
-- Constraints for table `hoadon`
--
ALTER TABLE `hoadon`
  ADD CONSTRAINT `hoadon_ibfk_1` FOREIGN KEY (`khacHang_id`) REFERENCES `khachhang` (`id`),
  ADD CONSTRAINT `hoadon_ibfk_2` FOREIGN KEY (`nhanVien_id`) REFERENCES `nhanvien` (`id`),
  ADD CONSTRAINT `hoadon_ibfk_3` FOREIGN KEY (`khuyenMai_id`) REFERENCES `khuyenmai` (`id`);

--
-- Constraints for table `khuyenmai`
--
ALTER TABLE `khuyenmai`
  ADD CONSTRAINT `khuyenmai_ibfk_1` FOREIGN KEY (`sanPham_id`) REFERENCES `pbsanpham` (`id`);

--
-- Constraints for table `pbsanpham`
--
ALTER TABLE `pbsanpham`
  ADD CONSTRAINT `pbsanpham_ibfk_1` FOREIGN KEY (`sanPham_id`) REFERENCES `sanpham` (`id`);

--
-- Constraints for table `phieunhap`
--
ALTER TABLE `phieunhap`
  ADD CONSTRAINT `phieunhap_ibfk_1` FOREIGN KEY (`nhaCungCap_id`) REFERENCES `nhacungcap` (`id`),
  ADD CONSTRAINT `phieunhap_ibfk_2` FOREIGN KEY (`nhanVien_id`) REFERENCES `nhanvien` (`id`);

--
-- Constraints for table `sanpham`
--
ALTER TABLE `sanpham`
  ADD CONSTRAINT `sanpham_ibfk_1` FOREIGN KEY (`thuongHieu_id`) REFERENCES `thuonghieu` (`id`);

--
-- Constraints for table `taikhoan`
--
ALTER TABLE `taikhoan`
  ADD CONSTRAINT `taikhoan_ibfk_1` FOREIGN KEY (`nhanVien_id`) REFERENCES `nhanvien` (`id`),
  ADD CONSTRAINT `taikhoan_ibfk_2` FOREIGN KEY (`quyen_id`) REFERENCES `quyen` (`id`);
COMMIT;

/*!40101 SET CHARACTER_SET_CLIENT=@OLD_CHARACTER_SET_CLIENT */;
/*!40101 SET CHARACTER_SET_RESULTS=@OLD_CHARACTER_SET_RESULTS */;
/*!40101 SET COLLATION_CONNECTION=@OLD_COLLATION_CONNECTION */;
